Abbaye Bonne Espérance 8°-1/3L -V,Price: (11 or fewer items) $6.00 Price: (12 or more items) $5.00
Abbaye de Forest 6.5_ -1/3L  -V,Price: (11 or fewer items) $6.00 Price: (12 or more items) $5.00
Abbaye Dendermonde 8° - 1/3L -V,Price: (11 or fewer items) $6.00 Price: (12 or more items) $5.00
Abbaye des Rocs 9°-1/3L,Price: (11 or fewer items) $5.80 Price: (12 to 23 items) $5.40 Price: (24 or more items) $5.00
"Abbaye Des Rocs Grand Cru 9,5°- 1.5L",Price: $55.00
Abbaye des Rocs XMAS 9° -1/3L -V,Price: (11 or fewer items) $5.80 Price: (12 to 23 items) $5.40 Price: (24 or more items) $4.80
Abbaye Moinette Bio 7.5°-1/4L,Price: $3.60
Abbaye Moinette blond 8.5°-1/3L,Price: (11 or fewer items) $4.50 Price: (12 or more items) $4.00
Abbaye Moinette bruin 7.5°-1/3L,Price: (11 or fewer items) $4.60 Price: (12 or more items) $4.00
Abbey St-Amand 7° - 33cl -V,Price: (11 or fewer items) $6.00 Price: (12 or more items) $5.00
Abbey St-Martin   7° - 33cl -V,Price: (11 or fewer items) $6.00 Price: (12 or more items) $5.00
"Abbaye St-Martin Cuvée de Noel 8,5° - 1/3L  -V",Price: (11 or fewer items) $6.00 Price: (12 to 23 items) $5.60 Price: (24 or more items) $5.00
Abbaye St-Martin Bruin Dark 8° - 33cl  -V,Price: (11 or fewer items) $6.00 Price: (12 or more items) $5.00
Abbaye St-Martin Blond 7° - 1/3L  -V,Price: (11 or fewer items) $6.00 Price: (12 or more items) $5.00
Abbaye St-Martin Triple 9° - 1/3L  -V,Price: (11 or fewer items) $6.00 Price: (12 or more items) $5.00
Abricot De Troch 3°-1/4L,Price: (11 or fewer items) $4.50 Price: (12 or more items) $4.00
Achel Blond 8° - 33cl,Price: (11 or fewer items) $5.80 Price: (12 to 23 items) $5.30 Price: (24 or more items) $5.10
Achel Bruin 8° - 33cl,Price: (11 or fewer items) $5.80 Price: (12 to 23 items) $5.30 Price: (24 or more items) $5.10
Achel Bruin EXTRA 9.5°-3/4L,Price: (5 or fewer items) $19.00 Price: (6 to 11 items) $18.00 Price: (12 or more items) $17.00
Adelardus Bruin 7° - 1/3L -V,Price: (11 or fewer items) $5.60 Price: (12 to 23 items) $5.20 Price: (24 or more items) $4.60
Adelardus Triple 9° - 1/3L -V,Price: (11 or fewer items) $6.00 Price: (12 to 23 items) $5.60 Price: (24 or more items) $5.00
Adriaen Brouwer 5° - 1/3L -V,Price: (11 or fewer items) $5.80 Price: (12 to 23 items) $5.40 Price: (24 or more items) $4.80
Affligem blond 1/3L,Price: (11 or fewer items) $5.60 Price: (12 to 23 items) $5.20 Price: (24 or more items) $4.80
Affligem bruin 7°-1/3L,Price: (11 or fewer items) $5.60 Price: (12 to 23 items) $5.20 Price: (24 or more items) $4.80
Affligem Christmas 9° - 1/3L,Price: (11 or fewer items) $5.80 Price: (12 to 23 items) $5.40 Price: (24 or more items) $4.80
Affligem Patersvat 7° - 33 cl,Price: (11 or fewer items) $5.80 Price: (12 to 23 items) $5.40 Price: (24 or more items) $4.80
Affligem Triple 8.5°-1/3L,Price: (11 or fewer items) $6.00 Price: (12 to 23 items) $5.60 Price: (24 or more items) $5.00
Altitude 6° - 1/3L -V,Price: (11 or fewer items) $5.80 Price: (12 to 23 items) $5.40 Price: (24 or more items) $4.80
Ambrel 6.2° - 1/3L,Price: $4.40
Angelus Blond 7° -3/4L,Price: $14.00
Angelus Bruin 7°-3/4L,Price: $14.00
"Anker Boscoulis 3,5° - 1/3L - V",Price: (11 or fewer items) $5.40 Price: (12 to 23 items) $5.00 Price: (24 or more items) $4.40
Antiek Blond 8° - 1/3L,Price: $4.60
Antiek Bruin 8° - 1/3L,Price: $4.60
Antiek Super 5 - 5° -1/4L,Price: $3.60
"Appel Lindemans 3,5° - 37cl",Price: (5 or fewer items) $5.00 Price: (6 to 11 items) $4.50 Price: (12 or more items) $4.00
"Appel Bocq 3,1° - 1/4L",Price: $4.50
Arabier 8°C - 33Cl -V,Price: (11 or fewer items) $6.00 Price: (12 to 23 items) $5.60 Price: (24 or more items) $5.00
"Arend Winter 6,3° - 1/3L",Price: (11 or fewer items) $5.80 Price: (12 to 23 items) $5.40 Price: (24 or more items) $4.80
"Artevelde 6,7° - 1/4L  -V",Price: (11 or fewer items) $5.00 Price: (12 to 23 items) $4.60 Price: (24 or more items) $4.00
Artevelde Grand Cru 7.3° - 1/3L-V,Price: (11 or fewer items) $6.00 Price: (12 to 23 items) $5.60 Price: (24 or more items) $5.00
Atomium 8° - 33cl,Price: $4.40
Aubel Blond 8.5° - 1/3L,Price: $4.60
Aubel Bruin 7°-1/3L,Price: $4.60
Augustijn 8°-1/3L,Price: (11 or fewer items) $5.40 Price: (12 to 23 items) $5.00 Price: (24 or more items) $4.60
Augustijn Grand Cru 9°-1/3L -V,Price: (11 or fewer items) $5.80 Price: (12 to 23 items) $5.40 Price: (24 or more items) $4.80
"Aurore de Salm 8,3° - 1/3L",Price: $5.00
Authentique Amber 5°-1/3L -V,Price: (11 or fewer items) $5.80 Price: (12 to 23 items) $5.40 Price: (24 or more items) $4.80
"Authentique Blond 6,5°-1/3L  -V",Price: (11 or fewer items) $5.80 Price: (12 to 23 items) $5.40 Price: (24 or more items) $4.80
Avec Les Bons Voeux 9.5° - 3/4L -V,Price: $18.00
BAB 401 8°-1/3L,Price: (11 or fewer items) $5.60 Price: (12 to 23 items) $5.20 Price: (24 or more items) $4.80
"Babbelaar 6,5° - 1/3L",Price: $4.60
Bacchus Frambozenbier 5° - 1/3L,Price: (5 or fewer items) $6.80 Price: (6 to 11 items) $6.40 Price: (12 or more items) $5.80
"Bacchus Kriekenbier 5,8° - 37,5cl",Price: (5 or fewer items) $6.80 Price: (6 to 11 items) $6.40 Price: (12 or more items) $5.80
"Bacchus Oud Bruin 4.5°-37,5cl -V",Price: (5 or fewer items) $7.00 Price: (6 to 11 items) $6.00 Price: (12 or more items) $5.00
Balthazar 9° - 1/3L -V,Price: (11 or fewer items) $5.80 Price: (12 to 23 items) $5.40 Price: (24 or more items) $4.80
Banane De Troch 3°-1/4L,Price: (11 or fewer items) $4.50 Price: (12 or more items) $4.00
BAP Bière Pomme 1/5L,Price: $3.50
Barbar 8°,Price: $4.60
Barbar bruin 8°C - 33cl,Price: (11 or fewer items) $5.60 Price: (12 to 23 items) $5.20 Price: (24 or more items) $4.80
Beersel Blond 7° - 1/3L -V,Price: (11 or fewer items) $6.00 Price: (12 to 23 items) $5.60 Price: (24 or more items) $5.00
Beersel Froment Tarwebier 6° - 1/3L,Price: $5.30
Belgoo Magus 6.5° -1/3L  -V,Price: (11 or fewer items) $6.00 Price: (12 to 23 items) $5.60 Price: (24 or more items) $5.00
"Belgian Kriek 3,5° - 1/3L",Price: (11 or fewer items) $6.00 Price: (12 or more items) $5.00
Bellegems Bruin 5.5° - 1/4L  -V,Price: (11 or fewer items) $4.50 Price: (12 or more items) $3.50
Belle-Vue Framboise 5.2°-1/4L,Price: (11 or fewer items) $4.00 Price: (12 to 23 items) $3.80 Price: (24 or more items) $3.50
Belle-Vue Framboise 5.2°-37 cl,Price: (5 or fewer items) $6.00 Price: (6 to 11 items) $5.50 Price: (12 or more items) $5.00
Belle-Vue Gueuze 5.2°-1/4L,Price: (11 or fewer items) $4.00 Price: (12 or more items) $3.80
Belle-Vue Gueuze 5.2°-3/4L,Price: (5 or fewer items) $12.00 Price: (6 to 11 items) $11.00 Price: (12 or more items) $10.00
Belle-Vue Gueuze 5.2°-37cL,Price: (5 or fewer items) $6.00 Price: (6 to 11 items) $5.50 Price: (12 or more items) $5.00
Belle-Vue Kriek 5.2° - 33Cl - Can,Price: (11 or fewer items) $3.50 Price: (12 or more items) $3.00
Belle-Vue Kriek 5.2°-1/4L,Price: (11 or fewer items) $4.00 Price: (12 to 23 items) $3.80 Price: (24 or more items) $3.50
Belle-Vue Kriek 5.2°-37cl,Price: (5 or fewer items) $6.00 Price: (6 to 11 items) $5.50 Price: (12 or more items) $5.00
"Belle-Vue Kriek LA 1,2°-1/4L",Price: (11 or fewer items) $4.00 Price: (12 to 23 items) $3.80 Price: (24 or more items) $3.50
"Bellevaux Blanche 4,5°-1/3L",Price: (11 or fewer items) $6.00 Price: (12 to 23 items) $5.60 Price: (24 or more items) $5.00
Bellevaux Blond 7° - 1/3L,Price: (11 or fewer items) $6.00 Price: (12 to 23 items) $5.60 Price: (24 or more items) $5.00
"Bellevaux Bruin 6,8° - 1/3L",Price: (11 or fewer items) $6.00 Price: (12 to 23 items) $5.60 Price: (24 or more items) $5.00
Bersalis 9.5° - 1/3L  -V,Price: (11 or fewer items) $6.00 Price: (12 to 23 items) $5.60 Price: (24 or more items) $5.00
Biere des Grottes 6.5° C - 1/3L,Price: $4.70
Bière des Ours 8.5°-1/3L,Price: $4.60
Bios Brown 5.5°-1/4L,Price: $3.80
Bios Kriek 5°-1/4L,Price: $3.80
Binchoise ''BELGE'' 5° -1/4L,Price: $3.90
Binchoise blond 6.5°-1/3L,Price: $4.50
Binchoise blond 6.5°-3/4L,Price: $12.00
Binchoise bruin 8.7°-1/3L,Price: $4.50
Binchoise bruin 8.7°-3/4L,Price: $12.00
Binchoise Flora 7° - 33cl,Price: $4.50
Binchoise Rose des Remparts 4.5° - 25cl,Price: (11 or fewer items) $4.50 Price: (12 or more items) $4.00
Binchoise Xmas 9° -1/3L -V,Price: (11 or fewer items) $5.60 Price: (12 to 23 items) $5.20 Price: (24 or more items) $4.80
"Bink Blond 5,5° - 1/3L  -V",Price: (11 or fewer items) $5.80 Price: (12 to 23 items) $5.40 Price: (24 or more items) $4.80
"Bink Bruin 5,5° - 1/3L  -V",Price: (11 or fewer items) $5.80 Price: (12 to 23 items) $5.40 Price: (24 or more items) $4.80
"Bink Bloesem 7,1° - 1/3L",Price: $4.70
"Bink Winterkoninkske 8,3° - 1/3L -V",Price: (11 or fewer items) $5.80 Price: (12 to 23 items) $5.40 Price: (24 or more items) $4.80
Struise Black Albert Stout 13° - 1/3L  -V,Price: $19.00
Blanche Charleroi 5°-1/4L -V,Price: (11 or fewer items) $4.50 Price: (12 or more items) $4.00
Blanche de Bruges - Brugs 5°-1/4L,Price: (11 or fewer items) $4.60 Price: (12 to 23 items) $4.20 Price: (24 or more items) $3.60
Blanche de Bruxelles 1/3L -V,Price: (11 or fewer items) $6.00 Price: (12 or more items) $5.00
Blanche White de Haacht 4.8° - 1/4L,Price: (11 or fewer items) $4.00 Price: (12 to 23 items) $3.60 Price: (24 or more items) $4.00
Blanche de Honnelle 6°-1/3L,Price: (11 or fewer items) $5.50 Price: (12 or more items) $4.50
Blanche de Namur 4.5°-1/4L,Price: (11 or fewer items) $4.50 Price: (12 to 23 items) $4.00 Price: (24 or more items) $3.40
Blanche de Namur 4.5°-3/4L,Price: (5 or fewer items) $12.00 Price: (6 to 11 items) $11.00 Price: (12 or more items) $9.00
Blanche des Neiges 5° -1/3L -V,Price: (11 or fewer items) $6.00 Price: (12 or more items) $5.00
Blanche Dentergems 5°-1/4L,Price: $4.40
Blanche du Hainaut  5.5° -1/4L,Price: (11 or fewer items) $4.40 Price: (12 to 23 items) $4.00 Price: (24 or more items) $3.40
Blanche Steendonk 4.5° - 25 Cl,Price: $3.60
Blanche Titje 5°-1/4L -V,Price: (11 or fewer items) $4.50 Price: (12 or more items) $4.00
blond des Fagnes 8°-1/3L,Price: $4.40
blond des Peres 6°C - 33 Cl,Price: $4.60
blond d'Oleye 7°C - 33Cl,Price: $4.40
Bokrijk 7.2°-3/4L,Price: (11 or fewer items) $22.00 Price: (12 to 23 items) $20.00 Price: (24 or more items) $18.00
"Bobeline 8,5° 1/3L",Price: $4.70
Bobeline Black Label 8.5 - 1/3L,Price: (11 or fewer items) $6.00 Price: (12 to 23 items) $5.40 Price: (24 or more items) $4.80
"Bobeline Bruin 8,5° - 1/3L",Price: $4.70
Bobeline Christmas 7° - 1/3L,Price: (11 or fewer items) $5.80 Price: (12 to 23 items) $5.40 Price: (24 or more items) $4.80
Bockor Omer Traditional Blond 8° - 1/3L  -V,Price: (11 or fewer items) $5.80 Price: (12 to 23 items) $5.40 Price: (24 or more items) $4.80
"Boelens Kerstbier Santa Bee 8,5° - 1/3L",Price: (11 or fewer items) $5.80 Price: (12 to 23 items) $5.40 Price: (24 or more items) $4.80
"Boerken 9,5° - 1/3L  -V",Price: (11 or fewer items) $6.00 Price: (12 to 23 items) $5.60 Price: (24 or more items) $5.00
"Boerinneken 9,5° - 1/3L  -V",Price: (11 or fewer items) $6.00 Price: (12 to 23 items) $5.60 Price: (24 or more items) $5.00
Boeteling 6.6° - 1/3L,Price: (11 or fewer items) $5.40 Price: (12 to 23 items) $5.00 Price: (24 or more items) $4.70
"Boon Oude Gueuze Mariage Parfait 8° - 37,5cl",Price: (5 or fewer items) $18.00 Price: (6 to 11 items) $17.00 Price: (12 or more items) $16.00
"Boon Oude Kriek 6,5° - 37,5cl",Price: (5 or fewer items) $18.00 Price: (6 to 11 items) $17.00 Price: (12 or more items) $16.00
Bon Secours Amber 8° C - 33 Cl,Price: $5.20
"Bons Secours Bien-Etre 5,5° - 1/3L",Price: $5.60
Bon Secours Blond 8° C - 33 Cl,Price: $5.20
Bon Secours Bruin 8° C - 33 Cl,Price: $5.20
Bon Secours Framboise 1/3L,Price: (11 or fewer items) $6.00 Price: (12 or more items) $5.00
Bon Secours Myrtille 7° -1/3L,Price: (11 or fewer items) $6.00 Price: (12 or more items) $5.00
Bon Secours Xmas 10° - 1/3L -V,Price: (11 or fewer items) $6.20 Price: (12 to 23 items) $5.80 Price: (24 or more items) $5.20
Bornem Double 8°-1/3L -V,Price: (11 or fewer items) $6.00 Price: (12 or more items) $5.00
Bornem Triple 9°-1/3L -V,Price: (11 or fewer items) $6.00 Price: (12 or more items) $5.00
Bosbier ( Myrt) 4.5°-1/4L,Price: $3.50
Boskeun 7° - 1/3L -V,Price: (11 or fewer items) $6.00 Price: (12 to 23 items) $5.60 Price: (24 or more items) $5.00
"Botteresse Amber 8,5° - 1/3L",Price: $5.40
"Botteresse Blond 8,5° - 1/3L",Price: $5.40
Botteresse Bruin 9° - 1/3L,Price: $5.40
"Botteresse au Miel 8,5° -1/3L",Price: $5.40
"Botteresse Xmas 10,5 -1/3L -V",Price: (11 or fewer items) $5.60 Price: (12 to 23 items) $5.20 Price: (24 or more items) $4.80
Boucanier Dark 9°-1/3L  -V,Price: (11 or fewer items) $5.80 Price: (12 to 23 items) $5.40 Price: (24 or more items) $4.80
Boucanier Golden Ale 11°-1/3L -V,Price: (11 or fewer items) $5.80 Price: (12 to 23 items) $5.40 Price: (24 or more items) $4.80
Boucanier Old Reserve 9°-1/3L -V,Price: (11 or fewer items) $6.00 Price: (12 to 23 items) $5.60 Price: (24 or more items) $5.00
Boucanier Red 7°-1/3L -V,Price: (11 or fewer items) $5.80 Price: (12 to 23 items) $5.40 Price: (24 or more items) $4.80
La Bouillonaise 7° - 1/3L  -V,Price: (11 or fewer items) $5.80 Price: (12 to 23 items) $5.40 Price: (24 or more items) $4.80
Bouillon Airborne Bruin-Brown 7.5° - 1/3L  -V,Price: (11 or fewer items) $6.00 Price: (12 to 23 items) $5.60 Price: (24 or more items) $5.00
Bourgogne des Flandres 5°-1/4L,Price: (11 or fewer items) $4.50 Price: (12 to 23 items) $4.00 Price: (24 or more items) $3.60
Boxer Christmas 9°C - 25Cl,Price: (11 or fewer items) $5.00 Price: (12 to 23 items) $4.60 Price: (24 or more items) $4.00
Brice 7.5° - 1/3L,Price: $4.40
Brigand 9°-1/3L,Price: $4.60
Brigand 9°-3/4L,Price: $14.00
Breughel 5.2°-1/3L -V,Price: (11 or fewer items) $5.80 Price: (12 to 23 items) $5.40 Price: (24 or more items) $4.80
Brugs blond 6.5° - 33cl,Price: $4.60
Brugse Zot Blond 6° - 1/3L  -V,Price: (11 or fewer items) $5.80 Price: (12 to 23 items) $5.40 Price: (24 or more items) $4.80
"Brugse Zot Dubble 7,5° - 1/3L  -V",Price: (11 or fewer items) $5.80 Price: (12 to 23 items) $5.40 Price: (24 or more items) $4.80
Brugs Straffe Hendrik Quadrupel 11° - 1/3L,Price: (11 or fewer items) $6.20 Price: (12 to 23 items) $5.80 Price: (24 or more items) $5.20
bruin des Fagnes 8°c - 33cl,Price: $4.40
bruin des Peres 6°C - 33 Cl,Price: $4.60
bruin d'Oleye 9°C - 33Cl,Price: $4.40
Brunehaut Amber 6.5°-1/3L,Price: $4.40
Brunehaut blond 6.5°-1/3L,Price: $4.40
"Brussels Fruit Beer Appel 3,2° - 1/3L",Price: (11 or fewer items) $6.00 Price: (12 or more items) $5.00
"Brussels Red Fruit Beer 4,3°-1/3L",Price: (11 or fewer items) $6.00 Price: (12 or more items) $5.00
"Brussels Framboise 3,5° - 1/4L -V",Price: (11 or fewer items) $4.50 Price: (12 or more items) $4.00
"Brussels Kriek 3,5° - 1/4L -V",Price: (11 or fewer items) $4.50 Price: (12 or more items) $4.00
Brussels Pêche 4° -1/3L -V,Price: (11 or fewer items) $6.00 Price: (12 or more items) $5.00
"Buffalo 6,5° - 1/4L",Price: (11 or fewer items) $4.80 Price: (12 to 23 items) $4.40 Price: (24 or more items) $3.80
Bush de Noël 12° - 1/3L,Price: (11 or fewer items) $6.00 Price: (12 to 23 items) $5.60 Price: (24 or more items) $5.00
Bush Amber 12°- 1/3L,Price: (11 or fewer items) $5.00 Price: (12 to 23 items) $4.60 Price: (24 or more items) $4.00
Bush 10.5°-1/4L,Price: $4.00
Bush 12°-1/4L,Price: (11 or fewer items) $5.20 Price: (12 to 23 items) $4.80 Price: (24 or more items) $4.20
Bush de Nuits 13° - 3/4L,Price: $90.00
Bush Peche-Mel 8.5° -1/3L,Price: (11 or fewer items) $5.80 Price: (12 to 23 items) $5.60 Price: (24 or more items) $5.00
Bush Prestige 13° - 3/4L,Price: $65.00
Bush Special 75th Amber Triple 12° - 3/4L,Price: $35.00
Bush Xmas Premium 13° -3/4L -V,Price: $24.00
"Cantillon Cambrinus Rosé 5° - 37,5cl -V",Price: $25.00
Cantillon Cuvée Saint-Gilloise 5° - 3/4L,Price: $60.00
Cantillon FouFoune 5° -3/4L -V,Price: $65.00
Cantillon Grand Cru Bruocsella 5° - 3/4L - V,Price: $60.00
Cantillon Lou Pepe Kriek 5°-3/4L - V,Price: $60.00
Cantillon Lou Pepe GUEUZE  5° - 3/4L,Price: $60.00
"Cantillon Gueuze 5°-37,5CL -V",Price: $18.00
"Cantillon Kriek 5°-37,5CL -V",Price: $18.00
Cantillon Iris 5° - 3/4L- V,Price: $55.00
Cantillon Mamouche Cuvée 5° - 3/4L,Price: $60.00
Cantillon Saint Lamvinus 5° - 3/4L,Price: $60.00
Cantillon Vigneronne 5° - 3/4L,Price: $60.00
Cambrinus Verhaege  5° - 25cl  -V,Price: (11 or fewer items) $4.80 Price: (12 to 23 items) $4.40 Price: (24 or more items) $4.00
Campus 7°-1/3L -V,Price: (11 or fewer items) $5.80 Price: (12 to 23 items) $5.40 Price: (24 or more items) $4.80
"Campus Gold 6,5° - 1/3L  -V",Price: (11 or fewer items) $6.00 Price: (12 to 23 items) $5.60 Price: (24 or more items) $5.00
Caracole Amber 7.2° - 33cl,Price: $4.40
Gouden Carolus Classic 7.5°-1/3L,Price: (11 or fewer items) $6.00 Price: (12 to 23 items) $5.60 Price: (24 or more items) $5.00
Gouden Carolus Ambrio 6.5° - 1/3L,Price: (11 or fewer items) $6.00 Price: (12 to 23 items) $5.60 Price: (24 or more items) $5.00
Cassis Lindemans 1/4L,Price: (11 or fewer items) $4.00 Price: (12 to 23 items) $3.80 Price: (24 or more items) $3.50
"Caulier Blond 6,8°-1/3L -V",Price: (11 or fewer items) $6.00 Price: (12 to 23 items) $5.60 Price: (24 or more items) $5.00
"Caulier Bruin 6,8°-1/3L -V",Price: (11 or fewer items) $6.00 Price: (12 to 23 items) $5.60 Price: (24 or more items) $5.00
"Caves 5,8° - 25cl -V",Price: (11 or fewer items) $4.80 Price: (12 to 23 items) $4.40 Price: (24 or more items) $3.80
Celis White 5.5°-1/4L -V,Price: (11 or fewer items) $4.40 Price: (12 to 23 items) $4.00 Price: (24 or more items) $3.40
Cervoise 5° - 1/4L,Price: $3.80
Charles Quint Ommegang 8° - 1/3L,Price: (11 or fewer items) $6.00 Price: (12 to 23 items) $5.60 Price: (24 or more items) $5.00
"Charles Quint Gouden Blond 8,5° - 1/3L",Price: (11 or fewer items) $6.00 Price: (12 to 23 items) $5.60 Price: (24 or more items) $5.00
"Charles Quint Rood 8,5° - 1/3L",Price: (11 or fewer items) $6.00 Price: (12 to 23 items) $5.60 Price: (24 or more items) $5.00
Chimay 500 8°-3/4L,Price: (11 or fewer items) $15.00 Price: (12 or more items) $14.00
"Chimay Dorée 4,8° -1/3L",Price: (11 or fewer items) $6.40 Price: (12 to 23 items) $6.00 Price: (24 or more items) $5.40
Chimay White 8°-1/3L,Price: (11 or fewer items) $5.40 Price: (12 to 23 items) $5.20 Price: (24 or more items) $5.00
Chimay Bleue 9°-1/3L,Price: (11 or fewer items) $6.00 Price: (12 to 23 items) $5.80 Price: (24 or more items) $5.40
Chimay Grande Réserve 9° - 3/4L,Price: (5 or fewer items) $16.00 Price: (6 or more items) $14.00
Chimay Grande Réserve 9°- 1L5,Price: (11 or fewer items) $25.00 Price: (12 or more items) $23.00
Chimay Red 7°-1/3L,Price: (11 or fewer items) $5.40 Price: (12 to 23 items) $5.20 Price: (24 or more items) $5.00
Chimay Red Premiere 7°-3/4L,Price: (5 or fewer items) $15.00 Price: (6 or more items) $14.00
Chimay Spéciale Cent Cinquante 10° -3/4L,Price: $50.00
Chouffe 8°-3/4L,Price: $14.00
Chouffe Houblon Dobbelen IPA Tripel 9° - 1/3L,Price: (11 or fewer items) $6.00 Price: (12 to 23 items) $5.60 Price: (24 or more items) $5.00
Chouffe Houblon Dobbelen IPA Tripel 9° - 3/4L,Price: $18.00
Chouffe N'Ice 10°-3/4L,Price: (2 or fewer items) $15.00 Price: (3 to 5 items) $14.00 Price: (6 or more items) $12.00
Ciney 9°-1/4L,Price: $3.80
Ciney Blond 7°-1/4L,Price: $3.80
Ciney Bruin 7°-1/4L,Price: $3.80
Cochonnette 1/3L,Price: $4.40
Corsaire 9.4°-1/3L -V,Price: (11 or fewer items) $6.00 Price: (12 to 23 items) $5.60 Price: (24 or more items) $5.00
Corsendonk Agnus 8°-1/3L,Price: (11 or fewer items) $5.40 Price: (12 to 23 items) $5.00 Price: (24 or more items) $4.60
Corsendonk Pater 8°-1/3L,Price: (11 or fewer items) $5.40 Price: (12 to 23 items) $5.00 Price: (24 or more items) $4.60
Corsendonk Xmas  1/4L -V,Price: (11 or fewer items) $4.00 Price: (12 to 23 items) $3.60 Price: (24 or more items) $3.00
Cre Tonner 8° - 1/3L,Price: $4.80
"Cuvée de Bouillon 6,5° - 1/3L",Price: (11 or fewer items) $6.00 Price: (12 to 23 items) $5.60 Price: (24 or more items) $5.00
Cuvee des Trolls 7°C - 25 Cl,Price: $3.80
Cuvée Hautes Voues 8°-1/4L,Price: $3.90
Das Hoegaerdse 5°-1/4L,Price: $3.80
De Block Special 6° - 33cl,Price: $4.60
"De Cam Oude Gueuze 6,5° - 37,5Cl",Price: (2 or fewer items) $24.00 Price: (3 to 5 items) $22.00 Price: (6 or more items) $20.00
"De Cam Kriek 5° - 37,5cl",Price: (2 or fewer items) $24.00 Price: (3 to 5 items) $22.00 Price: (6 or more items) $20.00
De Dochter van de Korenaar LEnfant Terrible 7°-3/4L,Price: $50.00
"De Graal Dubbel 6,5° - 1/3L -V",Price: (11 or fewer items) $5.00 Price: (12 to 23 items) $4.60 Price: (24 or more items) $4.00
De Graal Tripel 9° - 1/3L - V,Price: (11 or fewer items) $5.00 Price: (12 to 23 items) $4.60 Price: (24 or more items) $4.00
De Kale Ridders Tumulus 800 6° - 1/3L,Price: (11 or fewer items) $6.20 Price: (12 to 23 items) $5.80 Price: (24 or more items) $5.20
De Kale Ridders Tumulus Magna 9° - 1/3L,Price: (11 or fewer items) $6.20 Price: (12 to 23 items) $5.80 Price: (24 or more items) $5.20
De Kale Ridders Tumulus Nera 8° - 1/3L,Price: (11 or fewer items) $6.20 Price: (12 to 23 items) $5.80 Price: (24 or more items) $5.20
De Koninck Blond 6° - 1/3L,Price: $4.60
De la Senne Jambe de Bois 8°-1/3L,Price: (11 or fewer items) $6.00 Price: (12 to 23 items) $5.60 Price: (24 or more items) $5.00
"De la Senne Taras Boulba 4,5°-1/3L",Price: (11 or fewer items) $6.00 Price: (12 to 23 items) $5.60 Price: (24 or more items) $5.00
"De la Senne Zinnebir 5,5°- 1/3L",Price: (11 or fewer items) $6.00 Price: (12 to 23 items) $5.60 Price: (24 or more items) $5.00
"De Leite Bon Homme 6,5° - 1/3L",Price: $5.80
"De Leite Femme Fatale 6,5° - 1/3L",Price: $5.80
DK Gusto 1833 Golden Blond 8° - 3/4L,Price: $20.00
Delirium Tremens 9°-1/3L,Price: (11 or fewer items) $6.20 Price: (12 to 23 items) $5.80 Price: (24 or more items) $5.20
"Delirium Red 8,5° - 1/3L",Price: (11 or fewer items) $5.80 Price: (12 to 23 items) $5.40 Price: (24 or more items) $4.80
Delirium Nocturnum 8.5°- 33Cl,Price: (11 or fewer items) $6.20 Price: (12 to 23 items) $5.60 Price: (24 or more items) $5.00
Delirium Christmas 10° - 1/3L -V,Price: (11 or fewer items) $6.20 Price: (12 to 23 items) $5.80 Price: (24 or more items) $5.20
De Ranke Hop Harvest 2012 6° - 3/4L,Price: $55.00
De Ranke Kriek 7°-3/4L -V,Price: (3 or fewer items) $22.00 Price: (4 or more items) $20.00
De Ranke Pere Noel 7° - 1/3L -V,Price: (11 or fewer items) $5.80 Price: (12 to 23 items) $5.40 Price: (24 or more items) $4.80
De Ranke Noir De Dottignies 9° - 1/3L  -V,Price: (11 or fewer items) $6.00 Price: (12 to 23 items) $5.60 Price: (24 or more items) $5.00
DeRyck Arend Triple 8° - 3/4L,Price: (1 item) $20.00 Price: (2 to 5 items) $18.00 Price: (6 or more items) $15.00
"DeuS Brut des Flandres 11,5° - 3/4L",Price: $35.00
Dikke Mathile 6° - 1/4L,Price: $3.80
Divine 8.5°-1/3L,Price: (11 or fewer items) $6.00 Price: (12 to 23 items) $5.60 Price: (24 or more items) $5.00
Dominus Dobbel Bruin 6.5° - 33Cl -V,Price: (11 or fewer items) $6.00 Price: (12 or more items) $5.00
Dominus Triple 8°C - 33Cl -V,Price: (11 or fewer items) $6.00 Price: (12 or more items) $5.00
Drie Fonteinen Armand4 Oude Geuze Herfst 6°-3/4L,Price: $95.00
"Drie Fonteinen Oude Kriek 5° - 37,5cl -V",Price: (3 or fewer items) $20.00 Price: (4 to 7 items) $19.00 Price: (8 or more items) $18.00
"Drie Fonteinen Oude Gueuze 6° - 37,5cl -V",Price: (3 or fewer items) $20.00 Price: (4 to 7 items) $19.00 Price: (8 or more items) $18.00
"Druïde Bruin 6,5° - 1/3L",Price: $5.40
Ducassis 5.7° - 1/3L  -V,Price: (11 or fewer items) $6.00 Price: (12 or more items) $5.00
Duchesse de Bourgogne 6.2°-1/4L,Price: (11 or fewer items) $4.50 Price: (12 to 23 items) $4.10 Price: (24 or more items) $3.60
Duivels 6°-1/3L -V,Price: (11 or fewer items) $5.80 Price: (12 to 23 items) $5.40 Price: (24 or more items) $4.80
Dulle Teve 10°c - 33cl,Price: (9 or fewer items) $6.00 Price: (10 to 19 items) $5.60 Price: (20 or more items) $5.00
Dupont Bière de Miel 8° -1/4L,Price: $3.80
Duivels Bier Donker 8°-1/3L,Price: $5.00
Duvel 8.5°-1/3L,Price: (11 or fewer items) $5.80 Price: (12 to 23 items) $5.40 Price: (24 or more items) $4.80
"Duvel Tripel Hop 9,5° - 1/3L",Price: (11 or fewer items) $6.20 Price: (12 to 23 items) $5.80 Price: (24 or more items) $5.20
Echt Kriekenbier 6.8°-1/4L  -V,Price: (11 or fewer items) $5.40 Price: (12 to 23 items) $5.00 Price: (24 or more items) $4.40
Embrasse Oak Aged Special Edition 9.5° - 66cl,Price: $28.00
Ename blond 6.5° - 1/3L,Price: (11 or fewer items) $6.00 Price: (12 or more items) $5.00
Ename bruin 6.5° - 1/3L,Price: (11 or fewer items) $6.00 Price: (12 or more items) $5.00
Ename Triple 9° - 1/3L,Price: (11 or fewer items) $6.00 Price: (12 or more items) $5.00
Ename Cuvee 974 7° - 1/3L -V,Price: (11 or fewer items) $6.00 Price: (12 to 23 items) $5.60 Price: (24 or more items) $5.00
Enghien XMas 9°C - 33Cl,Price: (11 or fewer items) $5.80 Price: (12 to 23 items) $5.40 Price: (24 or more items) $4.80
"Engelszell Gregorius 9,7° - 1/3L",Price: $28.00
Extra Stout Dolle Brouwers 9°-1/3L,Price: $5.20
Ezel White 5.8° - 1/4L  -V,Price: (11 or fewer items) $4.50 Price: (12 to 23 items) $4.00 Price: (24 or more items) $3.50
"Ezel Bruin 6,5° - 1/4L-V",Price: (11 or fewer items) $4.80 Price: (12 to 23 items) $4.40 Price: (24 or more items) $3.80
Fantome 8° - 75 cl -V,Price: $18.00
Fantôme Automne 8°-3/4L,Price: $16.00
Fantôme Chocolat 8°-3/4L,Price: $18.00
Fantôme Noël 10° - 3/4L,Price: $20.00
Fantome Saint-Roch 8° - 3/4L,Price: $24.00
"Faro Lindemans 4° - 37,5Cl",Price: (5 or fewer items) $8.00 Price: (6 to 11 items) $7.00 Price: (12 or more items) $6.00
Filibuster 5°-1/3L-V,Price: (11 or fewer items) $4.40 Price: (12 to 23 items) $4.00 Price: (24 or more items) $3.40
Floreffe blond 6.5°-1/3L,Price: (11 or fewer items) $5.40 Price: (12 to 23 items) $5.00 Price: (24 or more items) $4.40
Floreffe Double 7°-1/3L,Price: (11 or fewer items) $5.40 Price: (12 to 23 items) $5.00 Price: (24 or more items) $4.40
Floreffe Meilleure 8°-1/3L,Price: (11 or fewer items) $5.40 Price: (12 to 23 items) $5.00 Price: (24 or more items) $4.40
Floreffe Triple 7.5°-1/3L,Price: (11 or fewer items) $5.40 Price: (12 to 23 items) $5.00 Price: (24 or more items) $4.40
Floris Appel 3.5° - 33cl -V,Price: (11 or fewer items) $5.50 Price: (12 to 23 items) $5.10 Price: (24 or more items) $4.50
Floris Chocolat 4.2°C - 33Cl -V,Price: (11 or fewer items) $5.50 Price: (12 to 23 items) $5.10 Price: (24 or more items) $4.50
Floris Fraises 3°C - 33 Cl -V,Price: (11 or fewer items) $5.50 Price: (12 to 23 items) $5.10 Price: (24 or more items) $4.50
Floris Honey 4.5°C - 33Cl -V,Price: (11 or fewer items) $5.50 Price: (12 to 23 items) $5.10 Price: (24 or more items) $4.50
Floris NinkeBerry 3°C - 33Cl -V,Price: (11 or fewer items) $5.50 Price: (12 to 23 items) $5.10 Price: (24 or more items) $4.50
Floris Passion 3°C - 33 Cl -V,Price: (11 or fewer items) $5.50 Price: (12 to 23 items) $5.10 Price: (24 or more items) $4.50
"Forestinne Ambrosia 7,5° - 1/3L -V",Price: (11 or fewer items) $5.40 Price: (12 to 23 items) $5.00 Price: (24 or more items) $4.40
"Forestinne Nordika 7,5°-1/3L",Price: (11 or fewer items) $5.60 Price: (12 to 23 items) $5.20 Price: (24 or more items) $4.60
"Forestinne Gothika 7,5° - 1/3L - V",Price: (11 or fewer items) $5.40 Price: (12 to 23 items) $5.00 Price: (24 or more items) $4.40
"Forestinne Mysteria 7,5° - 1/3L -V",Price: (11 or fewer items) $5.40 Price: (12 to 23 items) $5.00 Price: (24 or more items) $4.40
"Forestinne Primoria 7,5° - 1/3L - V",Price: (11 or fewer items) $5.40 Price: (12 to 23 items) $5.00 Price: (24 or more items) $4.40
Fraise De Troch 3°-1/4L,Price: (11 or fewer items) $4.50 Price: (12 or more items) $4.00
"Framboise Boon 5°C - 37,5 Cl",Price: (5 or fewer items) $10.00 Price: (6 to 11 items) $8.00 Price: (12 or more items) $7.00
Framboise Liefmans 5.4°-1/2L,Price: $5.00
Framboise Lindemans 2.5°-1/4L,Price: (11 or fewer items) $4.00 Price: (12 to 23 items) $3.80 Price: (24 or more items) $3.50
Framboise Lindemans 2.5°-37 cl,Price: (5 or fewer items) $6.00 Price: (6 to 11 items) $5.50 Price: (12 or more items) $5.00
Fruit Defendu-Forbidden Fruit 8.8°-1/3L,Price: (11 or fewer items) $5.80 Price: (12 to 23 items) $5.40 Price: (24 or more items) $4.80
Garre Triple 11° - 1.5L Magnum,Price: $95.00
Gaspar 8° - 1/3L -V,Price: (11 or fewer items) $5.80 Price: (12 to 23 items) $5.40 Price: (24 or more items) $4.80
Gauloise Amber 6.5°-1/3L,Price: (11 or fewer items) $5.60 Price: (12 to 23 items) $5.20 Price: (24 or more items) $4.60
Gauloise Blond 7°-1/3L,Price: (11 or fewer items) $5.60 Price: (12 to 23 items) $5.20 Price: (24 or more items) $4.80
Gauloise Bruin 9°-1/3L,Price: (11 or fewer items) $5.60 Price: (12 to 23 items) $5.20 Price: (24 or more items) $4.60
"Girardin Faro 5° - 37,5cl",Price: (3 or fewer items) $22.00 Price: (4 to 7 items) $20.00 Price: (8 or more items) $18.00
"Girardin Framboise 5°- 37,5cL",Price: (2 or fewer items) $22.00 Price: (3 to 5 items) $20.00 Price: (6 or more items) $18.00
Girardin Gueuze Black Label 5° - 37cl,Price: (2 or fewer items) $25.00 Price: (3 to 5 items) $23.00 Price: (6 or more items) $21.00
"Girardin Kriek 5° - 37,5cl",Price: (2 or fewer items) $22.00 Price: (3 to 5 items) $20.00 Price: (6 or more items) $18.00
Goliath Christmas 8° - 1/3L,Price: (11 or fewer items) $5.80 Price: (12 to 23 items) $5.40 Price: (24 or more items) $4.80
Gordon Finest Blond 10° - 1/3L,Price: $4.40
Gordon Finest Gold 10°-33Cl-Can,Price: $3.60
Gordon Finest Red 8.8-1/2L Can,Price: $4.40
"Gordon Finest Silver 7,7°- 1/2L CAN",Price: $4.40
Gordon Scotch Highland 8.6° - 1/3L,Price: (11 or fewer items) $4.80 Price: (12 or more items) $4.40
Gordon Xmas 8.8° - 1/3L,Price: (11 or fewer items) $6.00 Price: (12 to 23 items) $5.60 Price: (24 or more items) $5.00
Gouden Carolus Triple 9° - 33cl,Price: (11 or fewer items) $6.00 Price: (12 to 23 items) $5.60 Price: (24 or more items) $5.00
"Gouden Carolus Xmas 10,5° - 1/3L -V",Price: (11 or fewer items) $5.80 Price: (12 to 23 items) $5.40 Price: (24 or more items) $4.80
"Gouden Carolus Easter Beer 10,5° - 75cl",Price: $14.00
Gouden Carolus Hopsinjoor 8° - 1/3L -V,Price: (11 or fewer items) $5.00 Price: (12 to 23 items) $4.60 Price: (24 or more items) $4.00
Gouyasse 6° - 33cl-V,Price: (11 or fewer items) $5.60 Price: (12 to 23 items) $5.20 Price: (24 or more items) $4.60
Gouyasse Triple 1/3L-V,Price: (11 or fewer items) $6.00 Price: (12 to 23 items) $5.60 Price: (24 or more items) $5.00
Grain d'Orge Canaille 5.4° - 1/3L,Price: (11 or fewer items) $6.00 Price: (12 to 23 items) $5.60 Price: (24 or more items) $5.00
Grain d'Orge La Grelotte 9°-1/3L,Price: (11 or fewer items) $5.80 Price: (12 to 23 items) $5.40 Price: (24 or more items) $4.80
Grimbergen Blond 7°-1/3L,Price: (11 or fewer items) $5.40 Price: (12 to 23 items) $5.00 Price: (24 or more items) $4.40
Grimbergen bruin 6.5°-1/3L,Price: (11 or fewer items) $5.40 Price: (12 to 23 items) $5.00 Price: (24 or more items) $4.40
Grimbergen Cuvée de l'Ermitage 8.5°-33cl,Price: $5.90
Grimbergen Optimo 10°-1/3L,Price: (11 or fewer items) $5.60 Price: (12 to 23 items) $5.20 Price: (24 or more items) $4.60
Grimbergen Triple 9°-1/3L,Price: (11 or fewer items) $5.80 Price: (12 to 23 items) $5.40 Price: (24 or more items) $4.80
Grimbergen Goud-Dorée 8° - 1/3L,Price: (11 or fewer items) $5.80 Price: (12 to 23 items) $5.40 Price: (24 or more items) $4.80
Grisette Blanche 5°C - 25Cl-V,Price: (11 or fewer items) $4.80 Price: (12 to 23 items) $4.40 Price: (24 or more items) $3.80
Grisette Blond 4.5°-1/4L-V,Price: (11 or fewer items) $4.80 Price: (12 to 23 items) $4.40 Price: (24 or more items) $3.80
"Grisette Fruit des Bois 3,5° - 1/4L -V",Price: (11 or fewer items) $4.50 Price: (12 or more items) $4.00
Gueule Noire 8°-1/4L,Price: $3.60
Gueuze Boon 6°-37.5Cl,Price: (5 or fewer items) $10.00 Price: (6 to 11 items) $8.00 Price: (12 or more items) $7.00
"Cantillon Gueuze 5°-37,5CL -V",Price: $18.00
Gueuze Cuvée René 3/4L,Price: (5 or fewer items) $18.00 Price: (6 to 11 items) $16.00 Price: (12 or more items) $14.00
Liefmans Gueuze Goudenband 8°- 37 cl,Price: (3 or fewer items) $18.00 Price: (4 to 7 items) $16.00 Price: (8 or more items) $15.00
Gueuze Lindemans 4.5°-37 cl,Price: (5 or fewer items) $6.00 Price: (6 to 11 items) $5.50 Price: (12 or more items) $5.00
Gueuze Mort Subite 4.3°-1/4L,Price: (11 or fewer items) $4.00 Price: (12 to 23 items) $3.80 Price: (24 or more items) $3.50
Gueuze Mort Subite 4.3°-37 cl,Price: (5 or fewer items) $6.00 Price: (6 to 11 items) $5.50 Price: (12 or more items) $5.00
Guido 8° - 33 cl -V,Price: (11 or fewer items) $6.00 Price: (12 to 23 items) $5.60 Price: (24 or more items) $5.00
Guillotine 9°-1/3L,Price: $4.40
Guinness Special Export 8° - 1/3L,Price: (11 or fewer items) $5.40 Price: (12 to 23 items) $5.20 Price: (24 or more items) $4.80
Gulden Draak 10.5°-1/3L,Price: $5.20
Gulden Draak 10.5°-3/4L,Price: $15.00
"Gulden Draak 9000 Quadrupel 10,5° - 1/3L -R",Price: (5 or fewer items) $8.00 Price: (6 to 11 items) $7.00 Price: (12 or more items) $6.00
"Gulden Draak Vintage 7,5° - 1/3L",Price: (11 or fewer items) $6.00 Price: (12 to 23 items) $5.60 Price: (24 or more items) $5.00
Guldenberg 8.5° - 33cl -V,Price: (11 or fewer items) $5.60 Price: (12 to 23 items) $5.20 Price: (24 or more items) $4.60
"Hanssens Oude Gueuze 6° - 37,5cl",Price: (2 or fewer items) $18.00 Price: (3 to 5 items) $16.00 Price: (6 or more items) $15.00
"Hanssens Oude Kriek 6° - 37,5cl",Price: (2 or fewer items) $18.00 Price: (3 to 5 items) $16.00 Price: (6 or more items) $15.00
Hapkin 8.5°-1/3L,Price: (11 or fewer items) $5.60 Price: (12 to 23 items) $5.20 Price: (24 or more items) $4.60
Hellekappel 5° - 1/3L  -V,Price: (11 or fewer items) $5.80 Price: (12 to 23 items) $5.40 Price: (24 or more items) $4.80
Helleketelbier 7° - 1/3L  -V,Price: (11 or fewer items) $5.80 Price: (12 to 23 items) $5.40 Price: (24 or more items) $4.80
Hercule 9°-1/3L,Price: (5 or fewer items) $6.00 Price: (6 to 11 items) $5.60 Price: (12 or more items) $5.00
Het Kapittel Abt 10°- 1/3L -V,Price: (11 or fewer items) $6.00 Price: (12 to 23 items) $5.40 Price: (24 or more items) $5.00
Het Kapittel Prior 9°- 1/3L -V,Price: (11 or fewer items) $5.60 Price: (12 to 23 items) $5.20 Price: (24 or more items) $4.60
Hoegaarden White 5°-1/4L,Price: (11 or fewer items) $4.80 Price: (12 to 23 items) $4.00 Price: (24 or more items) $3.80
Hoegaarden Lemon 3° - 1/4L,Price: (11 or fewer items) $4.40 Price: (12 to 23 items) $4.00 Price: (24 or more items) $3.40
"Hoegaarden  Spéciale 5,6° 1/4L",Price: (11 or fewer items) $4.60 Price: (12 to 23 items) $4.20 Price: (24 or more items) $3.60
Hoegaarden Grand Cru 8.7°-1/3L,Price: $10.00
Hoegaarden White Can 33 cl,Price: (11 or fewer items) $3.80 Price: (12 to 23 items) $3.60 Price: (24 or more items) $3.00
"Hoegaarden Rosée 4,5° - 1/4L",Price: (11 or fewer items) $4.40 Price: (12 to 23 items) $4.00 Price: (24 or more items) $3.40
Hof Ten Dormaal Barrel-aged Project: No. 4 Armagnac 12°-3/4L,Price: (1 item) $65.00 Price: (2 or more items) $55.00
Hof Ten Dormaal Barrel-aged Project: No. 5 Sherry 12° - 3/4L,Price: (1 item) $65.00 Price: (2 or more items) $55.00
Hof Ten Dormaal Barrel-aged Project: No. 7 Ardbeg Whisky 12° - 3/4L,Price: (1 item) $65.00 Price: (2 or more items) $55.00
Hof Ten Dormaal Barrel-aged Project: No. 8 Sauternes 12° - 3/4L,Price: (1 item) $65.00 Price: (2 or more items) $55.00
Hommelbier 7.5°-1/4L -V,Price: (11 or fewer items) $4.80 Price: (12 to 23 items) $4.40 Price: (24 or more items) $3.80
"Hommelbier Nieuwe Oogst 2012 7,5° - 3/4L",Price: $50.00
Hopduvel Blondine 9° - 1/3L  -V,Price: (11 or fewer items) $5.80 Price: (12 to 23 items) $5.40 Price: (24 or more items) $4.80
Hopduvel Brunette 9° - 1/3L -V,Price: (11 or fewer items) $5.80 Price: (12 to 23 items) $5.40 Price: (24 or more items) $4.80
Horal's Mega Blend Oude Gueuze 7° - 3/4L,Price: $40.00
Horse-Ale 5°C - 25Cl,Price: $3.60
"Ichtegem s Oud Bruin 5,5° - 1/4L",Price: $4.60
Jacobins Kriek MAX 4° - 1/4L,Price: (11 or fewer items) $4.50 Price: (12 or more items) $3.50
Jacobins Max Passion 3°-1/4L,Price: $3.60
"Jan Van Gent 5,5°- 37cl",Price: $5.40
John Martin's Pale Ale 5.8° - 1/3L,Price: $3.80
Joseph 5.4°-1/4L,Price: $3.00
Joup 7.5° -1/3L,Price: $4.80
Judas 8.5°-1/3L,Price: $4.50
Jupiler 5.2° - 33Cl - Can,Price: (11 or fewer items) $4.20 Price: (12 to 23 items) $3.80 Price: (24 or more items) $3.40
Jupiler 5.2° - 50Cl - Can,Price: (11 or fewer items) $4.50 Price: (12 to 23 items) $4.00 Price: (24 or more items) $3.50
Jupiler 5.2° -33cl,Price: (11 or fewer items) $4.50 Price: (12 to 23 items) $4.00 Price: (24 or more items) $3.50
Jupiler 5.2°C - 25Cl,Price: (11 or fewer items) $4.00 Price: (12 to 23 items) $3.60 Price: (24 or more items) $3.20
"Jupiler NA 0,5° - 1/3L CAN",Price: $3.20
"Jupiler NA 0,5° - 1/4L",Price: $3.20
"Jupiler Bleue 3,3° - 1/4L",Price: (11 or fewer items) $4.00 Price: (12 to 23 items) $3.60 Price: (24 or more items) $3.20
Jupiler Tauro 8.3° - 1/3L,Price: $4.90
Karmeliet Triple 8°-1L5,Price: $25.00
Karmeliet Tripel 8°-1/3L,Price: (11 or fewer items) $5.80 Price: (12 to 23 items) $5.40 Price: (24 or more items) $5.00
Kasteelbier Blond 7° - 1/3L,Price: $5.20
Kasteel Bruin 11°-1/3L,Price: (11 or fewer items) $5.20 Price: (12 to 23 items) $5.00 Price: (24 or more items) $4.70
Kasteel Bruin 11°-3/4L,Price: $14.00
Kasteel Red 8° - 1/3L,Price: (11 or fewer items) $5.00 Price: (12 to 23 items) $4.50 Price: (24 or more items) $4.00
Kasteel Triple 11°-1/3L,Price: (11 or fewer items) $5.20 Price: (12 to 23 items) $5.00 Price: (24 or more items) $4.70
Kasteelbier Cuvee du Château 11°-1/3L,Price: (11 or fewer items) $6.50 Price: (12 to 23 items) $6.10 Price: (24 or more items) $5.50
Kerkomse Triple 9° - 3/4L,Price: $14.00
"Kerstbier Slaghmuylder 5,5° - 1/3L -V",Price: (11 or fewer items) $5.60 Price: (12 to 23 items) $5.20 Price: (24 or more items) $4.60
"Keyte 7,7° - 1/3L  -V",Price: (11 or fewer items) $5.80 Price: (12 to 23 items) $5.40 Price: (24 or more items) $4.80
"Kossaat 6,7° - 1/3L",Price: $5.80
Lupiline Koriala 7° - 1/3L,Price: $5.60
Kloeke blond 6°-1/3L -V,Price: (11 or fewer items) $5.60 Price: (12 to 23 items) $5.20 Price: (24 or more items) $4.60
Kriek Boon 5°-37.5Cl,Price: (5 or fewer items) $10.00 Price: (6 to 11 items) $8.00 Price: (12 or more items) $7.00
"Cantillon Kriek 5°-37,5CL -V",Price: $18.00
Kriek De Troch 4.5°-1/4L,Price: (11 or fewer items) $4.50 Price: (12 or more items) $4.00
Kriek EXTRA Belle-Vue 4.3°-1/4L,Price: (11 or fewer items) $4.50 Price: (12 to 23 items) $4.00 Price: (24 or more items) $3.50
Kriek Liefmans 6.5°-1/2L,Price: $4.80
Kriek Lindemans 3.5°-1/4L,Price: (11 or fewer items) $4.00 Price: (12 to 23 items) $3.80 Price: (24 or more items) $3.50
Kriek Lindemans 3.5°-3/4L,Price: (5 or fewer items) $14.00 Price: (6 to 11 items) $13.00 Price: (12 or more items) $12.00
Kriek Mort Subite 4.3°-1/4L,Price: (11 or fewer items) $4.00 Price: (12 to 23 items) $3.80 Price: (24 or more items) $3.50
Kriek Mort Subite 4.3°-37 cl,Price: (5 or fewer items) $6.00 Price: (6 to 11 items) $5.50 Price: (12 or more items) $5.00
Kwak Pauwel 8°-1/3L,Price: (11 or fewer items) $5.00 Price: (12 to 23 items) $4.80 Price: (24 or more items) $4.50
Kwak Pauwel 8° - 3/4L,Price: $14.00
La Belga 8° -1/3L,Price: (11 or fewer items) $6.00 Price: (12 to 23 items) $5.60 Price: (24 or more items) $5.00
L Exception de Chevremont 7.5° - 3/4L,Price: $20.00
La Bière des Rouches Standard 6 - 1/3L,Price: (11 or fewer items) $4.60 Price: (12 to 23 items) $4.30 Price: (24 or more items) $4.00
La Chouffe 8° -1/3L,Price: (11 or fewer items) $5.20 Price: (12 to 23 items) $5.00 Price: (24 or more items) $4.60
La Corne du Bois des Pendus Blond 5.9° - 1/3L -V,Price: (11 or fewer items) $5.20 Price: (12 to 23 items) $4.80 Price: (24 or more items) $4.20
La Corne du Bois des Pendus Triple 10° - 1/3L -V,Price: (11 or fewer items) $5.40 Price: (12 to 23 items) $5.00 Price: (24 or more items) $4.40
"La Curtius 7° - 37,5cl",Price: (11 or fewer items) $8.50 Price: (12 or more items) $7.00
La Hervoise 8° - 1/3L,Price: $4.40
La Marquise de pont d'Oye 6° - 1/2L,Price: $10.00
La Médiévale de Bouillon 6° - 1/3L,Price: $4.40
La Merveilleuse Chèvremont 7.5°C - 33Cl,Price: $4.60
La Rulles Blond 7° - 3/4L -V,Price: (3 or fewer items) $14.00 Price: (4 to 7 items) $13.00 Price: (8 or more items) $12.00
La Rulles Bruin 6.5° - 3/4L -V,Price: (3 or fewer items) $14.00 Price: (4 to 7 items) $13.00 Price: (8 or more items) $12.00
La Rulles Triple 8.4° - 3/4L -V,Price: (3 or fewer items) $14.00 Price: (4 to 7 items) $13.00 Price: (8 or more items) $12.00
La Trappe Isid'Or 7.5° -1/3L -V,Price: (11 or fewer items) $6.00 Price: (12 to 23 items) $5.60 Price: (24 or more items) $5.00
"La Trappe Blond 6,5° - 1/3L",Price: (11 or fewer items) $5.80 Price: (12 to 23 items) $5.60 Price: (24 or more items) $5.20
"La Trappe Dubbel 6,5° - 1/3L",Price: (11 or fewer items) $5.80 Price: (12 to 23 items) $5.60 Price: (24 or more items) $5.20
La Trappe Tripel 8° - 1/3L,Price: (11 or fewer items) $5.80 Price: (12 to 23 items) $5.60 Price: (24 or more items) $5.20
La Trappe Quadrupel 10° - 1/3L,Price: (11 or fewer items) $6.20 Price: (12 to 23 items) $5.80 Price: (24 or more items) $5.40
La Trappe Quadrupel OAK AGED 10° - 1/3L,Price: $45.00
"La Trappe White 5,5° - 1/3L",Price: (11 or fewer items) $5.60 Price: (12 to 23 items) $5.40 Price: (24 or more items) $5.00
La Trappe Puur 4.5° - 1/3L,Price: $6.00
"La Villée 5,9° - 1/3L",Price: (11 or fewer items) $6.00 Price: (12 to 23 items) $5.60 Price: (24 or more items) $5.00
Lamoral Triple 8° - 1/3L  -V,Price: (11 or fewer items) $5.60 Price: (12 to 23 items) $5.20 Price: (24 or more items) $4.60
"Lefebvre Hopus 8,5° - 1/3L",Price: (11 or fewer items) $6.00 Price: (12 to 19 items) $5.80 Price: (20 or more items) $5.40
Leffe 9° 1/3L,Price: (11 or fewer items) $5.80 Price: (12 to 23 items) $5.40 Price: (24 or more items) $4.80
Leffe blond 6.5°-1/3L,Price: (11 or fewer items) $5.80 Price: (12 to 23 items) $5.40 Price: (24 or more items) $4.80
Leffe bruin 6.5°-1/3L,Price: (11 or fewer items) $5.80 Price: (12 to 23 items) $5.40 Price: (24 or more items) $4.80
Leffe Radieuse 8.2°-1/3L,Price: (11 or fewer items) $6.00 Price: (12 to 23 items) $5.60 Price: (24 or more items) $5.00
"Leffe Royale 7,5° - 1/3L",Price: (11 or fewer items) $8.00 Price: (12 to 23 items) $7.60 Price: (24 or more items) $7.00
Leffe Ruby 5° - 1/3L,Price: (11 or fewer items) $6.00 Price: (12 to 23 items) $5.60 Price: (24 or more items) $5.00
Leffe Spring Printemps 6.6° - 1/3L,Price: (11 or fewer items) $6.00 Price: (12 to 23 items) $5.60 Price: (24 or more items) $5.00
Leffe Triple 8.4°-1/3L,Price: (11 or fewer items) $6.00 Price: (12 to 23 items) $5.60 Price: (24 or more items) $5.00
Leffe Vieille Cuvée 8.2° - 1/3L,Price: (11 or fewer items) $10.00 Price: (12 to 23 items) $9.50 Price: (24 or more items) $9.00
"Leffe Xmas 6,6° - 1/3L",Price: (11 or fewer items) $5.60 Price: (12 to 23 items) $5.20 Price: (24 or more items) $4.60
Leireken Amber 6° - 1/4L,Price: $3.80
Leireken Dark 5° - 1/4L,Price: $3.80
Leireken Special Spelt 5° - 1/4L,Price: $3.90
Les 2 Nigauds 8° - 1/3L,Price: $5.00
Les 3 Fourquets Lupulus 8.5° - 3/4L  -V,Price: (3 or fewer items) $18.00 Price: (4 to 7 items) $17.00 Price: (8 or more items) $16.00
Leute Bokbier 7.5°-1/3L,Price: $4.50
"Li Crochon Blond 6,8° - 1/4L  -V",Price: (11 or fewer items) $4.80 Price: (12 to 23 items) $4.40 Price: (24 or more items) $3.80
"Liefmans Abdis Blond 6,5° - 1/3L",Price: $4.50
"Liefmans Cuvée Brut Kriek 6° - 37,5cl",Price: (2 or fewer items) $18.00 Price: (3 to 5 items) $16.00 Price: (6 or more items) $15.00
"Liefmans Abdis Brown 6,5° - 1/3L",Price: $4.50
"Liefmans Abdis Triple 8,2° - 1/3L",Price: $4.80
"Liefmans Framboise 4,5° - 25cl",Price: (5 or fewer items) $4.00 Price: (6 to 11 items) $3.80 Price: (12 or more items) $3.50
"Liefmans Fruitesse Kriek 3,5° - 1/4L",Price: (5 or fewer items) $4.00 Price: (6 to 11 items) $3.80 Price: (12 or more items) $3.50
"Liefmans Fruitesse Appel 3,5° - 1/4L",Price: (5 or fewer items) $4.00 Price: (6 to 11 items) $3.80 Price: (12 or more items) $3.50
"Liefmans Gluhkriek 6,5° - 1/4L",Price: $3.80
Liefmans GluhKriek 6° - 3/4L,Price: $14.00
Liefmans Kriekenbier 6° - 25cl,Price: (5 or fewer items) $4.00 Price: (6 to 11 items) $3.80 Price: (12 or more items) $3.50
Liefmans Oud Bruin 5° - 1/4L,Price: $3.80
Loterbol Blond 8° - 1/3L,Price: (11 or fewer items) $5.80 Price: (12 to 23 items) $5.40 Price: (24 or more items) $4.80
Loterbol Bruin 8° - 1/3L  -V,Price: (11 or fewer items) $5.80 Price: (12 to 23 items) $5.40 Price: (24 or more items) $4.80
Louwaege's Kriek 4.3° -1/4L,Price: $3.60
Lucifer 8°-1/3L -V,Price: (11 or fewer items) $5.40 Price: (12 to 23 items) $5.00 Price: (24 or more items) $4.40
"Lupus Wolf 7 - 7,4° - 1/3L",Price: (11 or fewer items) $6.00 Price: (12 to 23 items) $5.60 Price: (24 or more items) $5.00
"Lupus Wolf 8 - 8,4° - 1/3L",Price: (11 or fewer items) $6.00 Price: (12 to 23 items) $5.60 Price: (24 or more items) $5.00
Lupus Wolf 9 - 9° -1/3L,Price: (11 or fewer items) $6.20 Price: (12 to 23 items) $5.80 Price: (24 or more items) $5.20
Lupiline Koriala 7° - 1/3L,Price: $5.60
Mac BEN Scotch Ale 7° - 1/4L,Price: $4.40
Mac Chouffe 8.5°-3/4L,Price: $14.00
Mc Chouffe 8° -1/3L,Price: (11 or fewer items) $5.20 Price: (12 to 23 items) $5.00 Price: (24 or more items) $4.60
Maes Pils 5.2° - Keg 5 L,Price: (1 item) $55.00 Price: (2 to 3 items) $50.00 Price: (4 or more items) $40.00
"Maes 5,2° - 25 Cl",Price: (11 or fewer items) $4.00 Price: (12 to 23 items) $3.60 Price: (24 or more items) $3.20
"Maes 5,2° - 33Cl - Can",Price: (11 or fewer items) $4.00 Price: (12 to 23 items) $3.50 Price: (24 or more items) $3.00
Maes Nature Can 1.5° -1/3L,Price: $2.90
Malheur 10° - 33cl,Price: (11 or fewer items) $5.40 Price: (12 to 23 items) $5.00 Price: (24 or more items) $4.50
Malheur Brut Reserve 75 cl -V,Price: (3 or fewer items) $25.00 Price: (4 to 7 items) $22.00 Price: (8 or more items) $18.00
Malheur Cuvée Royale 9° - 3/4L -V,Price: (3 or fewer items) $35.00 Price: (4 to 7 items) $32.00 Price: (8 or more items) $25.00
Malheur DARK Brut 12° - 3/4L -V,Price: (3 or fewer items) $35.00 Price: (4 to 7 items) $32.00 Price: (8 or more items) $25.00
Malmedy Blond 7°c - 33cl -V,Price: (11 or fewer items) $6.00 Price: (12 to 23 items) $5.60 Price: (24 or more items) $5.00
Malmedy Bruin 7°C - 33Cl -V,Price: (11 or fewer items) $6.00 Price: (12 to 23 items) $5.60 Price: (24 or more items) $5.40
Malmedy Triple 9° - 1/3L,Price: (11 or fewer items) $6.00 Price: (12 to 23 items) $5.60 Price: (24 or more items) $5.00
Maredsous Triple 10°-1/3L,Price: (11 or fewer items) $6.00 Price: (12 to 23 items) $5.60 Price: (24 or more items) $5.00
Maredsous Blond 6°-1/3L,Price: (11 or fewer items) $5.80 Price: (12 to 23 items) $5.40 Price: (24 or more items) $4.80
Maredsous Brown 8°-1/3L,Price: (11 or fewer items) $5.80 Price: (12 to 23 items) $5.40 Price: (24 or more items) $4.80
Mater White 5° - 1/4L -V,Price: (11 or fewer items) $4.50 Price: (12 to 23 items) $4.00 Price: (24 or more items) $3.50
Melchior 11° - 1/3L -V,Price: (11 or fewer items) $6.00 Price: (12 to 23 items) $5.60 Price: (24 or more items) $5.00
"Mère Noel 8,5° - 1/3L -V",Price: (11 or fewer items) $5.80 Price: (12 to 23 items) $5.40 Price: (24 or more items) $5.00
Mirabel De Troch 3°-1/4L,Price: (11 or fewer items) $4.50 Price: (12 or more items) $4.00
"Moeder Lambik 5,5° - 1/3L",Price: $5.40
Moeder Overste 8° - 1/3L  -V,Price: (11 or fewer items) $5.60 Price: (12 to 23 items) $5.20 Price: (24 or more items) $4.60
Moneuse 8°-3/4L -V,Price: (3 or fewer items) $16.00 Price: (4 to 7 items) $14.00 Price: (8 or more items) $12.00
Moneuse Speciale Noel 8° - 3/4L,Price: $18.00
"Mongozo Banana 4,5° 1/3L",Price: (11 or fewer items) $5.40 Price: (12 to 23 items) $5.00 Price: (24 or more items) $4.40
"Mongozo Coconut 3,5° - 1/3L",Price: (11 or fewer items) $5.30 Price: (12 to 23 items) $4.90 Price: (24 or more items) $4.30
Mont St-Aubert 8° - 33cl -V,Price: (11 or fewer items) $5.80 Price: (12 to 23 items) $5.40 Price: (24 or more items) $4.80
"Mont des Cats 7,6° - 1/3L",Price: $25.00
Montagnarde 9°-1/3L,Price: $4.60
"Moriau Oude Gueuze 7° - 37,5Cl",Price: (5 or fewer items) $15.00 Price: (6 to 11 items) $14.00 Price: (12 or more items) $13.00
"Mort Subite Oude Gueuze 7° - 37,5cl",Price: (5 or fewer items) $8.00 Price: (6 to 11 items) $7.00 Price: (12 or more items) $6.00
"Mort Subite Oude Kriek 6,5° - 37,5cl",Price: (5 or fewer items) $8.00 Price: (6 to 11 items) $7.00 Price: (12 or more items) $6.00
"Mort Subite Xtreme Framboise 4,2° - 1/4L",Price: (11 or fewer items) $4.00 Price: (12 to 23 items) $3.80 Price: (24 or more items) $3.50
"Mort Subite Xtreme Kriek 4,3° - 1/4L",Price: (11 or fewer items) $4.00 Price: (12 to 23 items) $3.80 Price: (24 or more items) $3.50
"Mort Subite Xtreme Manzana 4,2° - 1/4L",Price: (11 or fewer items) $4.00 Price: (12 to 23 items) $3.80 Price: (24 or more items) $3.50
Museum Bier 10° - 33cl,Price: $4.80
"Mystic Cranberry 3,8° - 1/4L -V",Price: (11 or fewer items) $4.50 Price: (12 or more items) $4.00
"Mystic Kriek 3,5° - 1/4L  -V",Price: (11 or fewer items) $4.50 Price: (12 or more items) $4.00
"Mystic Lemon 3,5° - 1/4L  -V",Price: (11 or fewer items) $4.50 Price: (12 to 23 items) $4.00 Price: (24 or more items) $3.50
"Ne Flierefluiter 8,5° - 1/3L",Price: $5.00
"Newton 3,5°C - 25Cl",Price: $3.50
Nostradamus 9.5° - 1/3L,Price: (11 or fewer items) $5.80 Price: (12 to 23 items) $5.40 Price: (24 or more items) $5.00
Nounnette 7.5° - 1/3L,Price: $4.00
Oeral 6°C - 33Cl -V,Price: (9 or fewer items) $6.00 Price: (10 to 19 items) $5.60 Price: (20 or more items) $5.00
Oerbier 7.5°C - 33Cl -V,Price: (9 or fewer items) $6.00 Price: (10 to 19 items) $5.60 Price: (20 or more items) $5.00
Oerbier Special Reserva 12° -1/3L,Price: $5.10
Op-Ale Speciale 5° - 1/4L,Price: $3.60
Orval 6.2°-1/3L,Price: (11 or fewer items) $6.00 Price: (12 to 23 items) $5.80 Price: (24 or more items) $5.40
"Oud Beersel Vieille Old Gueuze 6° - 37,5cl",Price: (2 or fewer items) $18.00 Price: (3 to 5 items) $16.00 Price: (6 or more items) $15.00
Oud Beersel Vieille Old Kriek 6.5° - 3/4L,Price: (3 or fewer items) $30.00 Price: (4 to 7 items) $28.00 Price: (8 or more items) $26.00
"Hanssens Oud Beitje  6° - 37,5cl",Price: (2 or fewer items) $24.00 Price: (3 to 5 items) $22.00 Price: (6 or more items) $20.00
Pack 8 Corsendonk Cristmas + Glass,Price: $60.00
Paix Dieu - Pleine Lune -10° -1/3L,Price: $10.00
Palm 5.0° - 33Cl - Can,Price: $3.00
Palm 5°-1/4L,Price: (11 or fewer items) $4.60 Price: (12 or more items) $4.20
Palm Dobbel 5.5°C - 25 Cl,Price: (11 or fewer items) $4.80 Price: (12 to 23 items) $4.60 Price: (24 or more items) $4.20
"Palm Green 0,25° - 1/3L",Price: $4.20
Palm Royal 7° - 1/3L,Price: $4.60
Park Abbey Blond 6°-1/3L,Price: (11 or fewer items) $5.40 Price: (12 to 23 items) $5.00 Price: (24 or more items) $4.40
Park Abbey Bruin 6°-1/3L,Price: (11 or fewer items) $5.40 Price: (12 to 23 items) $5.00 Price: (24 or more items) $4.40
Passendale 6°C - 25Cl,Price: $4.20
"Pater Lieven Blond 6,5° - 1/3L  -V",Price: (11 or fewer items) $5.20 Price: (12 to 23 items) $4.80 Price: (24 or more items) $4.20
"Pater Lieven Bruin 6,5° - 1/3L  -V",Price: (11 or fewer items) $5.00 Price: (12 to 23 items) $4.60 Price: (24 or more items) $4.00
Pater Lieven Kerst Xmas 9° - 1/3L,Price: (11 or fewer items) $5.40 Price: (12 to 23 items) $5.00 Price: (24 or more items) $4.50
Pater Lieven Triple 8° - 1/3L  -V,Price: (11 or fewer items) $5.40 Price: (12 to 23 items) $5.00 Price: (24 or more items) $4.40
Pater Lieven White 5° - 1/3L  -V,Price: (11 or fewer items) $5.00 Price: (12 to 23 items) $4.60 Price: (24 or more items) $4.00
Pêche De Troch 3°-1/4L,Price: (11 or fewer items) $4.50 Price: (12 or more items) $4.00
Pêcheresse Lindemans 2.5°-1/4L,Price: (11 or fewer items) $4.00 Price: (12 to 23 items) $3.80 Price: (24 or more items) $3.50
Pêcheresse Lindemans 2.5°-1/4L,Price: (11 or fewer items) $4.00 Price: (12 to 23 items) $3.80 Price: (24 or more items) $3.50
Pêcheresse Lindemans 2.5°-3/4L,Price: (5 or fewer items) $11.00 Price: (6 to 11 items) $10.00 Price: (12 or more items) $9.00
Pêcheresse Lindemans 2.5°-37 cl,Price: (5 or fewer items) $6.00 Price: (6 to 11 items) $5.50 Price: (12 or more items) $5.00
Père Abbé Blond 6.3° - 33cl,Price: $4.20
Père Abbé Bruin 6.5° - 33cl,Price: $4.20
Père Abbé Triple 7.3° - 33cl,Price: $4.20
"Petrus Blond 6,6° - 1/3L  -V",Price: (11 or fewer items) $5.40 Price: (12 to 23 items) $5.00 Price: (24 or more items) $4.40
Petrus Gouden Triple 7.5° - 1/3L -V,Price: (11 or fewer items) $5.60 Price: (12 to 23 items) $5.20 Price: (24 or more items) $4.60
"Petrus Double Brown 6,5° - 1/3L  -V",Price: (11 or fewer items) $5.60 Price: (12 to 23 items) $5.20 Price: (24 or more items) $4.60
"Petrus Oud Bruin 5,5° - 1/3L  -V",Price: (11 or fewer items) $5.60 Price: (12 to 23 items) $5.20 Price: (24 or more items) $4.60
"Petrus Winter 6,5° - 1/3L",Price: (11 or fewer items) $6.00 Price: (12 to 23 items) $5.40 Price: (24 or more items) $5.00
"Piedboeuf Bruin 1,5°C - 3/4L",Price: $10.00
"Piedboeuf Triple 3,8°C - 3/4L",Price: $14.00
Pierreuse 6°C - 33cl,Price: $3.80
Pierreuse 8°C - 33cl,Price: $3.80
"Pilaarbijter Blond 7,5° - 1/3L -V",Price: (11 or fewer items) $5.60 Price: (12 to 23 items) $5.20 Price: (24 or more items) $4.60
Pilaarbijter Bruin 8°- 1/3L -V,Price: (11 or fewer items) $5.60 Price: (12 to 23 items) $5.20 Price: (24 or more items) $4.60
Pink Killer 5° - 1/4L,Price: (11 or fewer items) $4.40 Price: (12 to 23 items) $4.00 Price: (24 or more items) $3.40
Piraat 10.5°-1/3L,Price: $4.80
Ploquette 7.5°-1/3L,Price: $4.20
Plokkersbier 7° - 1/3L  -V,Price: (11 or fewer items) $5.40 Price: (12 to 23 items) $5.00 Price: (24 or more items) $4.40
Poiluchette blond 1/4L -V,Price: (11 or fewer items) $5.40 Price: (12 to 23 items) $5.00 Price: (24 or more items) $4.40
Poiluchette bruin 1/4L -V,Price: (11 or fewer items) $5.40 Price: (12 to 23 items) $5.00 Price: (24 or more items) $4.40
Poorter 6.5-3/4L,Price: $15.00
Postel Xmas 8.5° -1/3L,Price: (11 or fewer items) $5.60 Price: (12 to 23 items) $5.20 Price: (24 or more items) $4.60
Postel Blond 7 °C - 33Cl,Price: (11 or fewer items) $5.60 Price: (12 to 23 items) $5.20 Price: (24 or more items) $4.60
Postel Dobble 7°C - 33cl,Price: (11 or fewer items) $5.60 Price: (12 to 23 items) $5.20 Price: (24 or more items) $4.60
Postel Triple 8.5°C - 33cl,Price: (11 or fewer items) $6.00 Price: (12 to 23 items) $5.60 Price: (24 or more items) $5.00
Printemps de Silly 6.5° - 1/3L,Price: $4.60
Queue de Charrue Blond 9°-25cl -V,Price: (11 or fewer items) $4.60 Price: (12 to 23 items) $4.20 Price: (24 or more items) $3.60
Queue de Charrue Bruin  5.4°-1/4L -V,Price: (11 or fewer items) $4.60 Price: (12 to 23 items) $4.20 Price: (24 or more items) $3.60
Quintine 8°-1/3L,Price: (5 or fewer items) $5.80 Price: (6 to 11 items) $5.40 Price: (12 or more items) $4.80
Quintine Amber 8.5°-1/3L,Price: (5 or fewer items) $5.80 Price: (6 to 11 items) $5.40 Price: (12 or more items) $4.80
Rader Amber 10.5° - 1/3L -V,Price: (11 or fewer items) $5.50 Price: (12 to 23 items) $5.10 Price: (24 or more items) $4.50
Rader Blond 6.5° - 33cl -V,Price: (11 or fewer items) $5.50 Price: (12 to 23 items) $5.10 Price: (24 or more items) $4.50
Ramée Amber 7.5°-33cl  -V,Price: (11 or fewer items) $6.00 Price: (12 or more items) $5.00
Ramée Blond 7° - 33cl -V,Price: (11 or fewer items) $6.00 Price: (12 or more items) $5.00
"Red Bocq 3,1° - 1/4L  -V",Price: (11 or fewer items) $4.50 Price: (12 or more items) $4.00
"Rochefort 8 Cuvee Speciale Magnum 9,2°-1,5L",Price: (1 item) $65.00 Price: (2 to 3 items) $58.00 Price: (4 or more items) $50.00
Rochefort 10 -1/3L,Price: (11 or fewer items) $6.50 Price: (12 to 23 items) $6.20 Price: (24 or more items) $5.80
Rochefort 6°-1/3L,Price: (11 or fewer items) $5.80 Price: (12 to 23 items) $5.60 Price: (24 or more items) $5.20
Rochefort 8°-1/3L,Price: (11 or fewer items) $5.80 Price: (12 to 23 items) $5.60 Price: (24 or more items) $5.20
Rochefortoise Amber 8°-1/3L,Price: $3.60
Rochefortoise blond 6.2°-1/3L,Price: $3.60
Rochefortoise Bruin 12°-1/3L,Price: $3.60
Rodenbach 5°-1/4L,Price: (11 or fewer items) $5.00 Price: (12 to 23 items) $4.80 Price: (24 or more items) $4.50
Rodenbach Grand Cru 6.5°-1/3L,Price: (11 or fewer items) $6.00 Price: (12 to 23 items) $5.80 Price: (24 or more items) $5.60
"Rodenbach REDBACH 3,5° - 1/3L",Price: $4.00
Rodenbach Vintage 2009 - 7°-3/4L,Price: $60.00
Rousse des Fagnes 8°-1/3L,Price: $3.80
Rubbel Sexy Lager 5° - 1/3L -V,Price: $3.80
3 Schteng Bruin 6° - 1/3L,Price: $4.30
Saison BierePassion 7.5° - 3/4L,Price: $22.00
Saison 1900 5.2°-1/3L -V,Price: (11 or fewer items) $5.60 Price: (12 to 23 items) $5.20 Price: (24 or more items) $4.60
Saison Dupont Bio 6.5°-1/4L,Price: $3.50
Saison Dupont 6.5°-3/4L,Price: $16.00
Saison Dupont 6.5°-33cl,Price: $4.70
Saison Epeautre 6°- 3/4L,Price: $12.00
Saison Erezee 7.5°-3/4L,Price: $12.00
Saison Pipaix 6° - 1/3L,Price: $4.40
Saison Pipaix 6°- 3/4L -V,Price: (5 or fewer items) $14.00 Price: (6 or more items) $12.00
Saison Regal 6°-1/4L -V,Price: (11 or fewer items) $4.50 Price: (12 or more items) $3.50
Saison Regal 6°-3/4L,Price: (11 or fewer items) $14.00 Price: (12 or more items) $12.00
Saison Silly 5°-1/4L,Price: (11 or fewer items) $4.50 Price: (12 or more items) $3.50
Saison Silly 5°-3/4L,Price: (5 or fewer items) $14.00 Price: (6 or more items) $12.00
Saison Voisin 5° - 33cl -V,Price: (11 or fewer items) $5.50 Price: (12 to 23 items) $5.10 Price: (24 or more items) $4.50
"Sainte Hélène Amber 8,5° - 3/4L  -V",Price: (5 or fewer items) $14.00 Price: (6 to 11 items) $13.50 Price: (12 or more items) $13.00
"Sainte Hélène Blond 6,5° - 3/4L  -V",Price: (5 or fewer items) $14.00 Price: (6 to 11 items) $13.50 Price: (12 or more items) $13.00
"Sainte Hélène Djean D Mady 5,5° - 1/2L",Price: $12.00
"Sainte Hélène Djean Triple 9,5 - 3/4L  -V",Price: (5 or fewer items) $14.00 Price: (6 to 11 items) $13.50 Price: (12 or more items) $13.00
Sambresse Blond 8°-3/4L,Price: $12.00
Sara 6°-3/4L,Price: $12.00
Satan Gold 8°-1/3L -V,Price: (11 or fewer items) $5.40 Price: (12 to 23 items) $5.00 Price: (24 or more items) $4.40
Satan Red 8°-1/3L -V,Price: (11 or fewer items) $5.60 Price: (12 to 23 items) $5.20 Price: (24 or more items) $4.60
Saxo Blond 7.2° - 33cl,Price: $4.80
Scotch Silly 8°-1/4L,Price: $3.90
Scotch CTS 7.2° - 1/4L,Price: (7 or fewer items) $5.00 Price: (8 to 15 items) $4.50 Price: (16 or more items) $4.00
Setberg Pils 5° -1/4L,Price: (11 or fewer items) $3.80 Price: (12 to 23 items) $3.60 Price: (24 or more items) $3.20
Silly Pils 5° - 1/4L,Price: (11 or fewer items) $3.40 Price: (12 or more items) $3.00
Sint Canarus Père Canard 9° -1/3L,Price: $6.50
"Slaapmutske Blond 6,4° - 1/3L  -V",Price: (11 or fewer items) $5.50 Price: (12 to 23 items) $5.10 Price: (24 or more items) $4.50
Slaapmutske Bruin 6° - 1/3L  -V,Price: (11 or fewer items) $5.50 Price: (12 to 23 items) $5.10 Price: (24 or more items) $4.50
"Slaapmutske Christmas 7,4° - 1/3L -V",Price: (11 or fewer items) $5.80 Price: (12 to 23 items) $5.40 Price: (24 or more items) $4.80
"Slaapmutske Triple 8,1° - 1/3L  -V",Price: (11 or fewer items) $5.50 Price: (12 to 23 items) $5.10 Price: (24 or more items) $4.50
Slee Doorn 6° -1/3L,Price: $4.60
Sloeber 7.5° - 33cl -V,Price: (11 or fewer items) $5.40 Price: (12 to 23 items) $5.00 Price: (24 or more items) $4.40
"Sloeber 7,5° - 3/4L",Price: (3 or fewer items) $20.00 Price: (4 to 11 items) $18.00 Price: (12 or more items) $15.00
Soiron 6° - 33cl,Price: (11 or fewer items) $5.60 Price: (12 to 23 items) $5.30 Price: (24 or more items) $4.80
St Arnoldus Triple 7.5° - 1/3L,Price: $4.50
St Benoît blond 6.5°-1/3L,Price: (11 or fewer items) $6.00 Price: (12 or more items) $5.00
St Benoît bruin 6.5°-1/3L,Price: (11 or fewer items) $6.00 Price: (12 or more items) $5.00
St Bernardus Abt 12°-1/3L,Price: (11 or fewer items) $6.50 Price: (12 to 23 items) $6.30 Price: (24 or more items) $6.00
St Bernardus Pater 6°-1/3L,Price: (11 or fewer items) $5.60 Price: (12 to 23 items) $5.40 Price: (24 or more items) $5.00
St Bernardus Prior 8°-1/3L,Price: (11 or fewer items) $5.60 Price: (12 to 23 items) $5.40 Price: (24 or more items) $5.00
St Bernardus Triple 7°-1/3L,Price: $6.00
St Bernardus White 5.5° - 33cl -V,Price: (11 or fewer items) $5.80 Price: (12 to 23 items) $5.40 Price: (24 or more items) $4.80
St Christophe 8°-1/4L,Price: $4.50
St Feuillien blond 7.5°-1/3L,Price: (11 or fewer items) $4.80 Price: (12 to 23 items) $4.40 Price: (24 or more items) $4.00
St Feuillien blond 7.5°-3/4L,Price: $12.00
St Feuillien blond 9L,Price: (1 item) $220.00 Price: (2 or more items) $180.00
St Feuillien bruin 7.5°-1/3L,Price: (11 or fewer items) $4.80 Price: (12 to 23 items) $4.40 Price: (24 or more items) $4.00
St Feuillien bruin 7.5°-3/4L,Price: $9.00
St-Feuillien Grand Cru 9° - 1/3L,Price: (11 or fewer items) $6.00 Price: (12 to 23 items) $5.60 Price: (24 or more items) $5.00
St Feuillien Noel 9°-1/3L -V,Price: (11 or fewer items) $5.40 Price: (12 to 23 items) $5.00 Price: (24 or more items) $4.40
"St-Feuillien Saison 6,5° - 1/3L",Price: (11 or fewer items) $6.00 Price: (12 to 23 items) $5.60 Price: (24 or more items) $5.00
"St-Feuillien Saison 6,5° - 3/4L -V",Price: (5 or fewer items) $14.00 Price: (6 or more items) $12.00
St Idesbald blond 6°-1/3L -V,Price: (11 or fewer items) $6.00 Price: (12 or more items) $5.00
St Idesbald Bruin 1/3L -V,Price: (11 or fewer items) $6.00 Price: (12 or more items) $5.00
St Idesbald Triple 9°-1/3L -V,Price: (11 or fewer items) $6.00 Price: (12 or more items) $5.00
St-Joseph 8.5° - 1/3L,Price: $4.20
"St-Monon Amber 6,5°- 1/3L  -V",Price: (11 or fewer items) $5.20 Price: (12 to 23 items) $4.80 Price: (24 or more items) $4.40
"St-Monon Bruin 7,5° - 1/3L  -V",Price: (11 or fewer items) $5.20 Price: (12 to 23 items) $4.80 Price: (24 or more items) $4.20
St-Monon au Miel 8° - 1/3L -V,Price: (11 or fewer items) $5.20 Price: (12 to 23 items) $4.80 Price: (24 or more items) $4.20
"St-Monon Biere des Fetes 7,5° - 1/3L",Price: (11 or fewer items) $6.00 Price: (12 to 23 items) $5.60 Price: (24 or more items) $5.00
St Paul Bruin 6.9°-1/2L,Price: $11.00
St Paul Double 6.9°-1/3L,Price: $4.50
St Paul Special 5.5°-1/3L,Price: $4.50
St Paul Triple 7.6°-1/3L,Price: $4.50
St Sebastiaan Grand Cru 7.6°-1/2L,Price: $9.50
St Sebastiaan Dark 6.5°-1/2L,Price: $9.50
"Steenbrugge Dubbel 6,5° - 1/3L -V",Price: (11 or fewer items) $6.00 Price: (12 or more items) $5.00
"SteenBrugge Triple 8,5° - 1/3L  -V",Price: (11 or fewer items) $6.00 Price: (12 or more items) $5.00
Stella Artois 5.2° - 1/4L,Price: (11 or fewer items) $4.00 Price: (12 to 23 items) $3.60 Price: (24 or more items) $3.20
Stella Artois 5.2° - 33Cl - Can,Price: (11 or fewer items) $4.00 Price: (12 to 23 items) $3.50 Price: (24 or more items) $3.00
Stella Artois 5.2° - 50 Cl - Can,Price: (11 or fewer items) $5.20 Price: (12 to 23 items) $4.80 Price: (24 or more items) $4.40
Stille Nacht 12° - 33cl -V,Price: (9 or fewer items) $6.80 Price: (10 to 19 items) $6.20 Price: (20 or more items) $5.80
St-Joseph 8.5° - 1/3L,Price: $4.20
"St-Louis Gueuze Fond Tradition 5°-37,5cl",Price: $8.00
St-Louis Premium FARO 4°-1/4L,Price: (11 or fewer items) $4.00 Price: (12 to 23 items) $3.80 Price: (24 or more items) $3.50
St-Louis Premium KRIEK 3.2°-1/4L,Price: (11 or fewer items) $4.00 Price: (12 to 23 items) $3.80 Price: (24 or more items) $3.50
"St-Louis Premium Kriek 3,5° - 37,5 cl",Price: (5 or fewer items) $5.00 Price: (6 to 11 items) $4.50 Price: (12 or more items) $4.00
"St-Louis Premium Framboise 2,8° - 1/4L",Price: (11 or fewer items) $4.00 Price: (12 to 23 items) $3.80 Price: (24 or more items) $3.50
"Stout Bie 5,5° - 1/3L -V",Price: (11 or fewer items) $5.50 Price: (12 to 23 items) $5.10 Price: (24 or more items) $4.50
Brugs Straffe Hendrik Bruin 8.5°C - 1/3L,Price: (11 or fewer items) $5.80 Price: (12 to 23 items) $5.40 Price: (24 or more items) $5.00
Brugs Straffe Hendrik Tripel 9°-1/3L -V,Price: (11 or fewer items) $5.80 Price: (12 to 23 items) $5.40 Price: (24 or more items) $5.00
Brugs Straffe Hendrik Tripel 9° 3/4L,Price: (3 or fewer items) $20.00 Price: (4 to 11 items) $18.00 Price: (12 or more items) $15.00
Brugs Straffe Hendrik Quadrupel 11° - 1/3L,Price: (11 or fewer items) $6.20 Price: (12 to 23 items) $5.80 Price: (24 or more items) $5.20
"Straffe Toeback 9,5°- 1/3L",Price: $5.80
Struise Black Damnation II 12° - 1/3L,Price: $22.00
Struise Black Damnation IV 13° - 1/3L,Price: $24.00
Struise Cuvee Delphine 13° - 1/3L,Price: $21.00
Struise Elliot 7° - 1/3L,Price: $18.00
"Struise Ignis & Flamma 7,5° - 1/3L",Price: $18.00
Struise Kabert 11° - 1/3L,Price: $21.00
Struise Motuecha 5° - 1/3L,Price: $16.00
Struise Mikkeler 9° - 1/3L  -V,Price: (11 or fewer items) $10.00 Price: (12 to 23 items) $9.50 Price: (24 or more items) $8.00
Struise Pannepeut 10° - 1/3L  -V,Price: $19.00
Struise Pannepot 10° - 1/3L  -V,Price: $19.00
Struise Pannepot Reserva 10° - 1/3L,Price: $22.00
Struise Pannepot GRAND RESERVA 10° - 1/3L,Price: $28.00
Struise Rosse 5° - 1/3L  -V,Price: $14.00
Struise Roste Jeanne 7° - 1/3L,Price: $18.00
Struise Shark Pants 9° - 1/3L,Price: $18.00
Struise St Amatus 12 - 10° - 1/3L,Price: $20.00
Struise Tsjeeses 10° - 1/3L,Price: (11 or fewer items) $18.00 Price: (12 to 23 items) $17.00 Price: (24 or more items) $16.00
Struise Tsjeeses Reserva 10° - 1/3L,Price: $20.00
Struise Witte 5° - 1/3L  -V,Price: $16.00
Struise YPRES 7°-1/2L,Price: $45.00
Struiselensis 6°-3/4,Price: $20.00
Super 64 5.2°C - 25Cl -V,Price: $3.60
Super des Fagnes Blond 7.5°C - 25 Cl,Price: $3.60
Super des Fagnes Bruin 7.5°C- 25CL,Price: $3.60
"Super des Fagnes Griotte 4,8° - 1/4L  -V",Price: (11 or fewer items) $4.50 Price: (12 or more items) $4.00
Sur les Bois Amber 8° - 1/3L  -V,Price: (11 or fewer items) $5.40 Price: (12 to 23 items) $5.00 Price: (24 or more items) $4.40
Sur les Bois Blond 7° - 1/3L  -V,Price: (11 or fewer items) $5.40 Price: (12 to 23 items) $5.00 Price: (24 or more items) $4.40
"Sur les Bois Bruin 8,5° - 1/3L",Price: (11 or fewer items) $5.40 Price: (12 to 23 items) $5.00 Price: (24 or more items) $4.40
SWAF Amber 8° - 1/3L,Price: $4.30
SWAF Blond 8° - 1/3L,Price: $4.30
SWAF Bruin 8° - 1/3L,Price: $4.30
t Smisje BBBourgondier 12° - 33cl,Price: $4.00
t Smisje Dubble 9° - 33 cl -V,Price: (11 or fewer items) $6.00 Price: (12 to 23 items) $5.60 Price: (24 or more items) $5.00
t Smisje Honing 6° - 33cl,Price: $4.40
t Smisje Honing Bruin 6° - 33cl,Price: $4.00
t Smisje Triple 9° - 33 cl -V,Price: (11 or fewer items) $6.00 Price: (12 to 23 items) $5.40 Price: (24 or more items) $5.00
Tempelier 6° - 1/3L -V,Price: (11 or fewer items) $6.20 Price: (12 to 23 items) $5.80 Price: (24 or more items) $5.20
Ter Doolen Blond 6.1° - 1/3L -V,Price: (11 or fewer items) $6.00 Price: (12 or more items) $5.00
Ter Doolen Double Dark 6.6°-1/3L -V,Price: (11 or fewer items) $6.00 Price: (12 or more items) $5.00
Ter Doolen Kriek 4.5°- 1/3L -V,Price: (11 or fewer items) $6.00 Price: (12 or more items) $5.00
Ter Doolen Triple 8.1° - 1/3L -V,Price: (11 or fewer items) $6.00 Price: (12 or more items) $5.00
Terracotta 7° - 33cl,Price: $4.40
"Thouroutenaere 8,5° - 1/3L",Price: $5.80
"Tilquin Oude Gueuze a l'ancienne 5° - 37,5cl  -V",Price: $20.00
Timmermans Tradition Blanche 4.5°C-33,Price: (5 or fewer items) $5.00 Price: (6 to 11 items) $4.50 Price: (12 or more items) $4.00
Timmermans Tradition Gueuze 5°C-33 C,Price: (5 or fewer items) $5.00 Price: (6 to 11 items) $4.50 Price: (12 or more items) $4.00
Timmermans Tradition Kriek 5°C-33Cl,Price: (5 or fewer items) $5.00 Price: (6 to 11 items) $4.50 Price: (12 or more items) $4.00
Timmermans Tradition Kriek RETRO 5°-1/3L,Price: (5 or fewer items) $5.00 Price: (6 to 11 items) $4.50 Price: (12 or more items) $4.00
Tongerlo Bruin 6°-1/3L,Price: $4.40
Tongerlo Prior Triple 9° - 1/3L,Price: (11 or fewer items) $6.00 Price: (12 to 23 items) $5.60 Price: (24 or more items) $5.00
Tongerlo Triple 8°-1/3L,Price: $4.80
Tongerlo Xmas 33Cl - 6.5°C,Price: (11 or fewer items) $5.60 Price: (12 to 23 items) $5.20 Price: (24 or more items) $4.60
"Tournay Blond 7,2° - 3/4L",Price: $12.00
Tournay de Noël 8.2° - 1/3L,Price: (11 or fewer items) $6.00 Price: (12 to 23 items) $5.60 Price: (24 or more items) $5.00
Triple bruin des Peres 9°C - 33Cl -V,Price: (11 or fewer items) $5.20 Price: (12 to 23 items) $4.80 Price: (24 or more items) $4.20
Triple d'Anvers 8° - 1/3L -V,Price: (11 or fewer items) $5.80 Price: (12 to 23 items) $5.40 Price: (24 or more items) $4.80
Triple Moine 8°-1/3L,Price: (11 or fewer items) $6.00 Price: (12 to 23 items) $5.60 Price: (24 or more items) $5.00
Troubadour 6.5° - 1/3L -V,Price: (11 or fewer items) $5.40 Price: (12 to 23 items) $5.00 Price: (24 or more items) $4.40
Troubadour Magma Special Edition 2012 Sorachi Ace 9°-3/4L,Price: $55.00
"Troubadour Obscura 8,5° - 1/3L",Price: $5.40
"Troubadour Obscura 8,2° - 3/4L",Price: $20.00
Troublette 5.5° - 1/3L,Price: (11 or fewer items) $5.20 Price: (12 to 23 items) $4.80 Price: (24 or more items) $4.20
Struise Tsjeeses 10° - 1/3L,Price: (11 or fewer items) $18.00 Price: (12 to 23 items) $17.00 Price: (24 or more items) $16.00
Tzelfde 6.1°C - 25Cl,Price: $3.60
Uilenspiegel 8° - 1/3L  -V,Price: (11 or fewer items) $5.60 Price: (12 to 23 items) $5.20 Price: (24 or more items) $4.60
Ultra Amber 7° - 1/3L -V,Price: (9 or fewer items) $5.80 Price: (10 to 19 items) $5.40 Price: (20 or more items) $4.80
Ultra Blond 8° - 1/3L -V,Price: (9 or fewer items) $5.40 Price: (10 to 19 items) $5.00 Price: (20 or more items) $4.40
Ultra Bruin 10° - 1/3L -V,Price: (9 or fewer items) $5.40 Price: (10 to 19 items) $5.00 Price: (20 or more items) $4.40
Ultra Delice 8° - 1/3L,Price: (9 or fewer items) $5.80 Price: (10 to 19 items) $5.40 Price: (20 or more items) $4.80
"Ultra Fraiche 3,5° - 1/3L",Price: (9 or fewer items) $5.60 Price: (10 to 19 items) $5.20 Price: (20 or more items) $4.60
Ultra Soif 5° - 1/3L -V,Price: (9 or fewer items) $5.80 Price: (10 to 19 items) $5.40 Price: (20 or more items) $4.80
UltrAmour 5° - 1/3L,Price: (9 or fewer items) $5.90 Price: (10 to 19 items) $5.50 Price: (20 or more items) $4.90
UltrAmour 5° - 1/3L,Price: (9 or fewer items) $5.90 Price: (10 to 19 items) $5.50 Price: (20 or more items) $4.90
"Urchon 7,5° - 1/3L",Price: (11 or fewer items) $5.80 Price: (12 to 23 items) $5.40 Price: (24 or more items) $4.80
Urchon 7° - 75cl,Price: $12.00
Urthel Amber 7.5° - 1/3L,Price: $4.40
Urthel Bruin 5.9° - 1/3L,Price: $4.40
Urthel Quadrium 11.5°-1/3L,Price: $4.60
Urthel Triple 9°-1/3L,Price: $4.40
Val Dieu blond 1/3L,Price: (11 or fewer items) $5.00 Price: (12 to 23 items) $4.50 Price: (24 or more items) $4.00
Val Dieu Bruin 1/3L,Price: (11 or fewer items) $5.00 Price: (12 to 23 items) $4.50 Price: (24 or more items) $4.00
"Val Dieu Grand Cru 10,5°-3/4L",Price: (5 or fewer items) $20.00 Price: (6 to 11 items) $16.00 Price: (12 or more items) $14.00
Val Dieu Triple 9°-1/3L,Price: (11 or fewer items) $5.10 Price: (12 to 23 items) $4.60 Price: (24 or more items) $4.20
Val Dieu Triple 9°-3/4L,Price: $12.00
"Valeir Extra 6,5° - 1/3L -V",Price: (11 or fewer items) $6.00 Price: (12 or more items) $5.00
Vapeur Cochonne 3/4L-9° -V,Price: (5 or fewer items) $14.00 Price: (6 to 11 items) $13.50 Price: (12 or more items) $12.00
Vapeur en Folie 8° - 1/3L -V,Price: (11 or fewer items) $5.70 Price: (12 to 23 items) $5.30 Price: (24 or more items) $4.70
Vapeur Légère Vanille 5° -1/3L  -V,Price: (11 or fewer items) $6.00 Price: (12 to 23 items) $5.60 Price: (24 or more items) $5.00
Vedett Extra Blond 5°-1/3L -V,Price: (11 or fewer items) $5.20 Price: (12 to 23 items) $4.80 Price: (24 or more items) $4.20
Vedett White 5° - 1/3L -V,Price: (11 or fewer items) $5.00 Price: (12 to 23 items) $4.50 Price: (24 or more items) $4.00
Verhaeghe Ouden Bruinen,Price: $4.20
"Verhaeghe Xmas 7,2° - 1/4L",Price: (11 or fewer items) $4.50 Price: (12 to 23 items) $4.20 Price: (24 or more items) $3.80
Vicardin Tripel Gueuze 7° -1/3L,Price: (1 item) $8.00 Price: (2 to 3 items) $7.50 Price: (4 or more items) $7.00
"Vicaris Generaal 8,8° -1/3L",Price: (3 or fewer items) $6.00 Price: (4 to 7 items) $5.80 Price: (8 or more items) $5.40
"Vicaris Triple 8,5° - 1/3L",Price: (3 or fewer items) $6.50 Price: (4 to 7 items) $6.20 Price: (8 or more items) $5.80
"Vichtenaar 5,1° - 1/4L  -V",Price: (11 or fewer items) $4.50 Price: (12 or more items) $3.50
"Vieille des Estinnes 7,5° - 3/4L",Price: $12.00
Vieille Salme 8.3°-1/3L,Price: $4.40
Vieux Temps 5°-1/4L,Price: $3.80
Villers Oud 7° - 1/3L -V,Price: (11 or fewer items) $5.40 Price: (12 to 23 items) $5.00 Price: (24 or more items) $4.40
Villers Triple 8.5° - 1/3L -V,Price: (11 or fewer items) $5.60 Price: (12 to 23 items) $5.20 Price: (24 or more items) $4.60
Viven Blond 6.1° - 1/3L,Price: (11 or fewer items) $6.20 Price: (12 to 23 items) $5.60 Price: (24 or more items) $5.00
Viven Bruin 6.1° - 1/3L,Price: (11 or fewer items) $6.20 Price: (12 to 23 items) $5.60 Price: (24 or more items) $5.00
Viven Imperial IPA 8° - 1/3L,Price: $5.80
Viven Porter 7° -1/3L,Price: (11 or fewer items) $6.40 Price: (12 to 23 items) $5.80 Price: (24 or more items) $5.00
Vlaamsche Leeuw Tripel 8° -1/3L,Price: (3 or fewer items) $6.40 Price: (4 to 11 items) $6.20 Price: (12 or more items) $5.80
Vleteren Alt Blond 8° - 1/4L,Price: $3.60
Vleteren Alt Bruin 8° - 1/4L,Price: $3.60
Vleteren Dark 8° - 1/3L,Price: $5.20
Vleteren Super 8 Blond 8°- 3/4L,Price: $12.00
Vondel 8°-1/3L,Price: $5.80
Vuuve 5°-1/3L,Price: $4.40
Waase Wolf 6° - 1/3L  -V,Price: (11 or fewer items) $5.20 Price: (12 to 23 items) $4.80 Price: (24 or more items) $4.20
"Waterloo Double 8,5° - 1/3L  -V",Price: (11 or fewer items) $5.40 Price: (12 to 23 items) $5.00 Price: (24 or more items) $4.40
"Waterloo Tripel 7,5° - 1/3L  -V",Price: (11 or fewer items) $5.60 Price: (12 to 23 items) $5.20 Price: (24 or more items) $4.60
Watou Triple 7°C - 33Cl -V,Price: (11 or fewer items) $6.00 Price: (12 or more items) $5.00
Watou White 5°-1/4L,Price: (11 or fewer items) $4.50 Price: (12 or more items) $3.50
Westmalle Double 7°-1/3L,Price: (11 or fewer items) $5.80 Price: (12 to 23 items) $5.60 Price: (24 or more items) $5.20
Westmalle Triple 9.5°C - 75 Cl,Price: (5 or fewer items) $16.00 Price: (6 to 11 items) $15.00 Price: (12 or more items) $14.00
Westmalle Triple 9°-1/3L,Price: (11 or fewer items) $5.80 Price: (12 to 23 items) $5.60 Price: (24 or more items) $5.20
Westoek X 6° - 1/3L,Price: $16.00
Westoek XX  8° - 1/3L,Price: $18.00
Westvleteren 12°-1/3L,Price: $40.00
Westvleteren 8°-1/3L,Price: $30.00
Westvleteren Blond 6° C - 33 Cl,Price: $30.00
"Winterkoninck 6,5° - 1/3L",Price: (11 or fewer items) $5.00 Price: (12 to 23 items) $4.80 Price: (24 or more items) $4.40
Witkap Pater Dubble 7° -1/3L -V,Price: (11 or fewer items) $5.60 Price: (12 to 23 items) $5.20 Price: (24 or more items) $4.60
Witkap Pater Stimulo 6°-1/3L -V,Price: (11 or fewer items) $5.60 Price: (12 to 23 items) $5.20 Price: (24 or more items) $4.60
Witkap Pater Triple 7.5° - 1/3L -V,Price: (11 or fewer items) $5.60 Price: (12 to 23 items) $5.20 Price: (24 or more items) $4.60
Wittekerke Rosé 4.3°-1/4L -V,Price: (11 or fewer items) $4.50 Price: (12 or more items) $4.00
Wittekerke White Can 33Cl,Price: $3.20
XX-Bitter 6.2° - 33cl -V,Price: (11 or fewer items) $5.80 Price: (12 to 23 items) $5.40 Price: (24 or more items) $4.80
Yersekes Mosselbier 5.2°-1/4L,Price: $3.60
"Yperman 5,5° - 1/4L",Price: $4.10
Zatte Bie 9° - 1/3L -V,Price: (11 or fewer items) $5.40 Price: (12 to 23 items) $5.00 Price: (24 or more items) $4.40
Zinnebir Blond 5.5° - 3/4L,Price: $12.00
Zulte 4.7°-1/4L,Price: $3.60
Zythone 6.2° C - 33Cl,Price: $4.20
